Timestamp,ADC Value,Voltage (V)
2026-10-10 12:33:45.286245,2777,2.238
2026-10-10 12:33:45.752155,2777,2.238
2026-10-10 12:33:46.567148,2775,2.236
2026-10-10 12:33:47.175761,2775,2.236
2026-10-10 12:33:47.985904,2777,2.238
2026-10-10 12:33:48.591810,2780,2.24
2026-10-10 12:33:49.395530,2771,2.233
2026-10-10 12:33:50.009416,2781,2.241
2026-10-10 12:33:50.617056,2780,2.24
2026-10-10 12:33:51.429707,2775,2.236
2026-10-10 12:33:52.052655,2779,2.239
2026-10-10 12:33:52.865757,2781,2.241
2026-10-10 12:33:53.601426,2776,2.237
2026-10-10 12:33:54.210457,2779,2.239
2026-10-10 12:33:55.014727,2781,2.241
2026-10-10 12:33:55.635883,2775,2.236
2026-10-10 12:33:56.242916,2779,2.239
2026-10-10 12:33:57.064273,2779,2.239
2026-10-10 12:33:57.676666,2779,2.239
2026-10-10 12:33:58.483402,2777,2.238
2026-10-10 12:33:59.088112,2781,2.241
2026-10-10 12:33:59.900116,2779,2.239
2026-10-10 12:34:00.506384,2776,2.237
2026-10-10 12:34:01.313861,2777,2.238
2026-10-10 12:34:01.921075,2781,2.241
2026-10-10 12:34:02.735586,2778,2.239
2026-10-10 12:34:03.340360,2775,2.236
2026-10-10 12:34:04.150557,2777,2.238
2026-10-10 12:34:04.759231,2780,2.24
2026-10-10 12:34:05.582708,2781,2.241
2026-10-10 12:34:06.192616,2779,2.239
2026-10-10 12:34:06.805157,2779,2.239
2026-10-10 12:34:07.624999,2777,2.238
2026-10-10 12:34:08.234009,2781,2.241
2026-10-10 12:34:09.055855,2779,2.239
2026-10-10 12:34:09.661832,2779,2.239
2026-10-10 12:34:10.469685,2775,2.236
2026-10-10 12:34:11.076850,2780,2.24
2026-10-10 12:34:11.886894,2779,2.239
2026-10-10 12:34:12.495130,2777,2.238
2026-10-10 12:34:13.308040,2775,2.236
2026-10-10 12:34:13.928624,2779,2.239
2026-10-10 12:34:14.744035,2779,2.239
2026-10-10 12:34:15.350038,2781,2.241
2026-10-10 12:34:15.960427,2779,2.239
2026-10-10 12:34:16.766236,2775,2.236
2026-10-10 12:34:17.375163,2775,2.236
2026-10-10 12:34:18.187934,2777,2.238
2026-10-10 12:34:18.798045,2777,2.238
2026-10-10 12:34:19.607963,2775,2.236
2026-10-10 12:34:20.215751,2777,2.238
2026-10-10 12:34:21.023612,2775,2.236
2026-10-10 12:34:21.639453,2779,2.239
2026-10-10 12:34:22.447869,2775,2.236
2026-10-10 12:34:23.073400,2775,2.236
2026-10-10 12:34:23.883263,2775,2.236
2026-10-10 12:34:24.489206,2775,2.236
2026-10-10 12:34:25.115929,2779,2.239
2026-10-10 12:34:25.936920,2777,2.238
2026-10-10 12:34:26.547159,2775,2.236
2026-10-10 12:34:27.355971,2776,2.237
2026-10-10 12:34:27.964367,2777,2.238
2026-10-10 12:34:28.775846,2776,2.237
2026-10-10 12:34:29.384755,2779,2.239
2026-10-10 12:34:30.193599,2780,2.24
2026-10-10 12:34:30.798737,2775,2.236
2026-10-10 12:34:31.605038,2781,2.241
2026-10-10 12:34:32.211896,2775,2.236
2026-10-10 12:34:33.022697,2775,2.236
2026-10-10 12:34:33.631329,2779,2.239
2026-10-10 12:34:34.442047,2779,2.239
2026-10-10 12:34:35.047663,2777,2.238
2026-10-10 12:34:35.856484,2781,2.241
2026-10-10 12:34:36.464674,2780,2.24
2026-10-10 12:34:37.271822,2777,2.238
2026-10-10 12:34:37.877010,2779,2.239
2026-10-10 12:34:38.691659,2776,2.237
2026-10-10 12:34:39.302035,2779,2.239
2026-10-10 12:34:39.910293,2775,2.236
2026-10-10 12:34:40.720663,2775,2.236
2026-10-10 12:34:41.327273,2781,2.241
2026-10-10 12:34:42.140925,2775,2.236
2026-10-10 12:34:42.751017,2780,2.24
2026-10-10 12:34:43.559366,2775,2.236
2026-10-10 12:34:44.166671,2779,2.239
2026-10-10 12:34:44.977726,2779,2.239
2026-10-10 12:34:45.585800,2781,2.241
2026-10-10 12:34:46.406146,2779,2.239
2026-10-10 12:34:47.014420,2777,2.238
2026-10-10 12:34:47.823954,2781,2.241
2026-10-10 12:34:48.433658,2775,2.236
2026-10-10 12:34:49.242910,2780,2.24
2026-10-10 12:34:49.852081,2777,2.238
2026-10-10 12:34:50.663093,2778,2.239
2026-10-10 12:34:51.269874,2775,2.236
2026-10-10 12:34:51.880954,2780,2.24
2026-10-10 12:34:52.703670,2775,2.236
2026-10-10 12:34:53.313818,2780,2.24
2026-10-10 12:34:54.141548,2777,2.238
2026-10-10 12:34:54.749168,2775,2.236
2026-10-10 12:34:55.558913,2777,2.238
2026-10-10 12:34:56.167882,2774,2.235
2026-10-10 12:34:56.976186,2775,2.236
2026-10-10 12:34:57.586999,2775,2.236
2026-10-10 12:34:58.396284,2775,2.236
2026-10-10 12:34:59.000879,2778,2.239
2026-10-10 12:34:59.811156,2779,2.239
2026-10-10 12:35:00.431403,2781,2.241
2026-10-10 12:35:01.039024,2779,2.239
2026-10-10 12:35:01.850003,2778,2.239
2026-10-10 12:35:02.458857,2777,2.238
2026-10-10 12:35:03.270227,2780,2.24
2026-10-10 12:35:03.876379,2779,2.239
2026-10-10 12:35:04.684667,2775,2.236
2026-10-10 12:35:05.294598,2778,2.239
2026-10-10 12:35:06.106323,2777,2.238
2026-10-10 12:35:06.712890,2781,2.241
2026-10-10 12:35:07.525099,2775,2.236
2026-10-10 12:35:08.133338,2780,2.24
2026-10-10 12:35:08.941961,2775,2.236
2026-10-10 12:35:09.553876,2775,2.236
2026-10-10 12:35:10.362004,2777,2.238
2026-10-10 12:35:10.981062,2775,2.236
2026-10-10 12:35:11.792857,2775,2.236
2026-10-10 12:35:12.410689,2777,2.238
2026-10-10 12:35:13.016578,2779,2.239
2026-10-10 12:35:13.842760,2777,2.238
2026-10-10 12:35:14.451460,2780,2.24
2026-10-10 12:35:15.257597,2781,2.241
2026-10-10 12:35:15.870200,2775,2.236
2026-10-10 12:35:16.689263,2775,2.236
2026-10-10 12:35:17.304454,2777,2.238
2026-10-10 12:35:18.117320,2779,2.239
2026-10-10 12:35:18.722423,2781,2.241
2026-10-10 12:35:19.534789,2775,2.236
2026-10-10 12:35:20.141638,2777,2.238
2026-10-10 12:35:20.949518,2779,2.239
2026-10-10 12:35:21.554182,2775,2.236
2026-10-10 12:35:22.360745,2778,2.239
2026-10-10 12:35:22.969509,2775,2.236
2026-10-10 12:35:23.591315,2777,2.238
2026-10-10 12:35:24.400179,2779,2.239
2026-10-10 12:35:25.009847,2780,2.24
2026-10-10 12:35:25.822858,2779,2.239
2026-10-10 12:35:26.429686,2776,2.237
2026-10-10 12:35:27.242217,2779,2.239
2026-10-10 12:35:27.848473,2779,2.239
2026-10-10 12:35:28.658955,2779,2.239
2026-10-10 12:35:29.268157,2777,2.238
2026-10-10 12:35:30.076593,2781,2.241
2026-10-10 12:35:30.686739,2781,2.241
2026-10-10 12:35:31.495422,2777,2.238
2026-10-10 12:35:32.103749,2777,2.238
2026-10-10 12:35:32.914019,2779,2.239
2026-10-10 12:35:33.522210,2777,2.238
2026-10-10 12:35:34.333917,2781,2.241
2026-10-10 12:35:34.940477,2783,2.243
2026-10-10 12:35:35.753296,2779,2.239
2026-10-10 12:35:36.360403,2779,2.239
2026-10-10 12:35:36.966564,2781,2.241
2026-10-10 12:35:37.771585,2779,2.239
2026-10-10 12:35:38.380032,2776,2.237
2026-10-10 12:35:39.188386,2775,2.236
2026-10-10 12:35:39.795971,2777,2.238
2026-10-10 12:35:40.611462,2775,2.236
2026-10-10 12:35:41.218078,2777,2.238
2026-10-10 12:35:42.028482,2779,2.239
2026-10-10 12:35:42.650504,2779,2.239
2026-10-10 12:35:43.460742,2774,2.235
2026-10-10 12:35:44.067301,2780,2.24
2026-10-10 12:35:44.874956,2777,2.238
2026-10-10 12:35:45.483019,2775,2.236
2026-10-10 12:35:46.298655,2777,2.238
2026-10-10 12:35:46.914558,2779,2.239
2026-10-10 12:35:47.529763,2779,2.239
2026-10-10 12:35:48.353279,2777,2.238
2026-10-10 12:35:48.964589,2775,2.236
2026-10-10 12:35:49.781472,2775,2.236
2026-10-10 12:35:50.388717,2779,2.239
2026-10-10 12:35:51.197843,2779,2.239
2026-10-10 12:35:51.803514,2779,2.239
2026-10-10 12:35:52.613950,2775,2.236
2026-10-10 12:35:53.222696,2779,2.239
2026-10-10 12:35:54.029276,2775,2.236
2026-10-10 12:35:54.635748,2779,2.239
2026-10-10 12:35:55.445999,2779,2.239
2026-10-10 12:35:56.055892,2775,2.236
2026-10-10 12:35:56.865905,2775,2.236
2026-10-10 12:35:57.474835,2778,2.239
2026-10-10 12:35:58.094886,2779,2.239
2026-10-10 12:35:58.905587,2778,2.239
2026-10-10 12:35:59.511179,2777,2.238
2026-10-10 12:36:00.322382,2779,2.239
2026-10-10 12:36:00.933955,2779,2.239
2026-10-10 12:36:01.744032,2775,2.236
2026-10-10 12:36:02.351330,2778,2.239
2026-10-10 12:36:03.158848,2780,2.24
2026-10-10 12:36:03.765286,2781,2.241
2026-10-10 12:36:04.577606,2777,2.238
2026-10-10 12:36:05.196978,2775,2.236
2026-10-10 12:36:06.007165,2779,2.239
2026-10-10 12:36:06.614424,2777,2.238
2026-10-10 12:36:07.424144,2775,2.236
2026-10-10 12:36:08.028683,2775,2.236
2026-10-10 12:36:08.841287,2776,2.237
2026-10-10 12:36:09.447678,2777,2.238
2026-10-10 12:36:10.266265,2775,2.236
2026-10-10 12:36:10.878613,2775,2.236
2026-10-10 12:36:11.488248,2775,2.236
2026-10-10 12:36:12.292900,2779,2.239
2026-10-10 12:36:12.916102,2779,2.239
2026-10-10 12:36:13.724980,2780,2.24
2026-10-10 12:36:14.330263,2777,2.238
2026-10-10 12:36:15.141258,2779,2.239
2026-10-10 12:36:15.747662,2779,2.239
2026-10-10 12:36:16.558551,2779,2.239
2026-10-10 12:36:17.168070,2779,2.239
2026-10-10 12:36:17.976502,2776,2.237
2026-10-10 12:36:18.583563,2779,2.239
2026-10-10 12:36:19.394790,2777,2.238
2026-10-10 12:36:20.014691,2775,2.236
2026-10-10 12:36:20.828232,2781,2.241
2026-10-10 12:36:21.433523,2776,2.237
2026-10-10 12:36:22.046189,2778,2.239
2026-10-10 12:36:22.866756,2777,2.238
2026-10-10 12:36:23.472848,2779,2.239
2026-10-10 12:36:24.282949,2781,2.241
2026-10-10 12:36:24.886926,2775,2.236
2026-10-10 12:36:25.692816,2775,2.236
2026-10-10 12:36:26.301280,2775,2.236
2026-10-10 12:36:27.117194,2779,2.239
2026-10-10 12:36:27.726694,2775,2.236
2026-10-10 12:36:28.536368,2775,2.236
2026-10-10 12:36:29.141214,2775,2.236
2026-10-10 12:36:29.950850,2779,2.239
2026-10-10 12:36:30.561892,2777,2.238
2026-10-10 12:36:31.369461,2779,2.239
2026-10-10 12:36:31.980463,2777,2.238
2026-10-10 12:36:32.790368,2780,2.24
2026-10-10 12:36:33.396037,2779,2.239
2026-10-10 12:36:34.205892,2779,2.239
2026-10-10 12:36:34.810695,2775,2.236
2026-10-10 12:36:35.622556,2779,2.239
2026-10-10 12:36:36.240514,2779,2.239
2026-10-10 12:36:36.851475,2775,2.236
2026-10-10 12:36:37.655805,2777,2.238
2026-10-10 12:36:38.264840,2779,2.239
2026-10-10 12:36:39.076751,2781,2.241
2026-10-10 12:36:39.682638,2779,2.239
2026-10-10 12:36:40.497996,2781,2.241
2026-10-10 12:36:41.104952,2779,2.239
2026-10-10 12:36:41.918968,2779,2.239
2026-10-10 12:36:42.524096,2780,2.24
2026-10-10 12:36:43.332456,2779,2.239
2026-10-10 12:36:43.939396,2781,2.241
2026-10-10 12:36:44.750604,2779,2.239
2026-10-10 12:36:45.356135,2777,2.238
2026-10-10 12:36:46.171430,2780,2.24
2026-10-10 12:36:46.779995,2779,2.239
2026-10-10 12:36:47.593230,2775,2.236
2026-10-10 12:36:48.200499,2781,2.241
2026-10-10 12:36:48.810880,2779,2.239
2026-10-10 12:36:49.619025,2775,2.236
2026-10-10 12:36:50.226038,2779,2.239
2026-10-10 12:36:51.037103,2780,2.24
2026-10-10 12:36:51.645172,2775,2.236
2026-10-10 12:36:52.459042,2781,2.241
2026-10-10 12:36:53.067031,2775,2.236
2026-10-10 12:36:53.885243,2775,2.236
2026-10-10 12:36:54.491233,2777,2.238
2026-10-10 12:36:55.299568,2780,2.24
2026-10-10 12:36:55.906576,2775,2.236
2026-10-10 12:36:56.717530,2779,2.239
2026-10-10 12:36:57.324563,2777,2.238
2026-10-10 12:36:58.131622,2777,2.238
2026-10-10 12:36:58.739611,2779,2.239
2026-10-10 12:36:59.547338,2779,2.239
2026-10-10 12:37:00.167072,2775,2.236
2026-10-10 12:37:00.974444,2779,2.239
2026-10-10 12:37:01.581108,2779,2.239
2026-10-10 12:37:02.191832,2779,2.239
2026-10-10 12:37:03.002503,2775,2.236
2026-10-10 12:37:03.609186,2777,2.238
2026-10-10 12:37:04.431437,2781,2.241
2026-10-10 12:37:05.050141,2775,2.236
2026-10-10 12:37:05.869477,2777,2.238
2026-10-10 12:37:06.477550,2779,2.239
2026-10-10 12:37:07.287790,2774,2.235
2026-10-10 12:37:07.900474,2777,2.238
2026-10-10 12:37:08.714823,2774,2.235
2026-10-10 12:37:09.322004,2775,2.236
2026-10-10 12:37:10.131142,2781,2.241
2026-10-10 12:37:10.740141,2775,2.236
2026-10-10 12:37:11.359226,2775,2.236
2026-10-10 12:37:12.169232,2778,2.239
2026-10-10 12:37:12.779500,2779,2.239
2026-10-10 12:37:13.591996,2774,2.235
2026-10-10 12:37:14.200423,2779,2.239
2026-10-10 12:37:15.012238,2779,2.239
2026-10-10 12:37:15.619037,2779,2.239
2026-10-10 12:37:16.425802,2775,2.236
2026-10-10 12:37:17.036406,2775,2.236
2026-10-10 12:37:17.842829,2775,2.236
2026-10-10 12:37:18.449367,2775,2.236
2026-10-10 12:37:19.261275,2775,2.236
2026-10-10 12:37:19.867264,2775,2.236
2026-10-10 12:37:20.676014,2779,2.239
2026-10-10 12:37:21.283428,2775,2.236
2026-10-10 12:37:22.095987,2781,2.241
2026-10-10 12:37:22.702608,2779,2.239
2026-10-10 12:37:23.313705,2773,2.235
2026-10-10 12:37:24.124238,2776,2.237
2026-10-10 12:37:24.729408,2777,2.238
2026-10-10 12:37:25.538449,2777,2.238
2026-10-10 12:37:26.157891,2779,2.239
2026-10-10 12:37:26.966466,2779,2.239
2026-10-10 12:37:27.570534,2778,2.239
2026-10-10 12:37:28.377999,2779,2.239
2026-10-10 12:37:28.985286,2779,2.239
2026-10-10 12:37:29.796501,2782,2.242
2026-10-10 12:37:30.406325,2780,2.24
2026-10-10 12:37:31.230152,2779,2.239
2026-10-10 12:37:31.835621,2781,2.241
2026-10-10 12:37:32.647107,2777,2.238
2026-10-10 12:37:33.251939,2775,2.236
2026-10-10 12:37:34.063817,2777,2.238
2026-10-10 12:37:34.670155,2775,2.236
2026-10-10 12:37:35.278060,2777,2.238
2026-10-10 12:37:36.100908,2777,2.238
2026-10-10 12:37:36.712825,2776,2.237
2026-10-10 12:37:37.524832,2781,2.241
2026-10-10 12:37:38.133656,2775,2.236
2026-10-10 12:37:38.943311,2779,2.239
2026-10-10 12:37:39.552033,2779,2.239
2026-10-10 12:37:40.362511,2777,2.238
2026-10-10 12:37:40.970913,2779,2.239
2026-10-10 12:37:41.782168,2791,2.249
2026-10-10 12:37:42.389700,2779,2.239
2026-10-10 12:37:43.203929,2779,2.239
2026-10-10 12:37:43.825284,2775,2.236
2026-10-10 12:37:44.433436,2777,2.238
2026-10-10 12:37:45.244373,2779,2.239
2026-10-10 12:37:45.854939,2779,2.239
2026-10-10 12:37:46.665698,2775,2.236
2026-10-10 12:37:47.274156,2779,2.239
2026-10-10 12:37:48.094137,2775,2.236
2026-10-10 12:37:48.699060,2776,2.237
2026-10-10 12:37:49.508129,2781,2.241
2026-10-10 12:37:50.114866,2777,2.238
2026-10-10 12:37:50.927385,2779,2.239
2026-10-10 12:37:51.532812,2781,2.241
2026-10-10 12:37:52.352333,2779,2.239
2026-10-10 12:37:52.960770,2779,2.239
2026-10-10 12:37:53.768251,2779,2.239
2026-10-10 12:37:54.379648,2777,2.238
2026-10-10 12:37:55.190037,2783,2.243
2026-10-10 12:37:55.804794,2775,2.236
2026-10-10 12:37:56.418703,2777,2.238
2026-10-10 12:37:57.230013,2781,2.241
2026-10-10 12:37:57.836899,2779,2.239
2026-10-10 12:37:58.644850,2779,2.239
2026-10-10 12:37:59.252708,2777,2.238
2026-10-10 12:38:00.066136,2779,2.239
2026-10-10 12:38:00.670153,2781,2.241
2026-10-10 12:38:01.477108,2775,2.236
2026-10-10 12:38:02.081956,2775,2.236
2026-10-10 12:38:02.886426,2779,2.239
2026-10-10 12:38:03.497352,2781,2.241
2026-10-10 12:38:04.312466,2775,2.236
2026-10-10 12:38:04.922642,2777,2.238
2026-10-10 12:38:05.745283,2777,2.238
2026-10-10 12:38:06.354720,2779,2.239
2026-10-10 12:38:06.967025,2775,2.236
2026-10-10 12:38:07.774468,2777,2.238
2026-10-10 12:38:08.396359,2775,2.236
2026-10-10 12:38:09.211803,2779,2.239
2026-10-10 12:38:09.820249,2775,2.236
2026-10-10 12:38:10.632923,2777,2.238
2026-10-10 12:38:11.253492,2777,2.238
2026-10-10 12:38:12.065657,2777,2.238
2026-10-10 12:38:12.685266,2777,2.238
2026-10-10 12:38:13.502015,2777,2.238
2026-10-10 12:38:14.110271,2775,2.236
2026-10-10 12:38:14.721541,2780,2.24
2026-10-10 12:38:15.525539,2779,2.239
2026-10-10 12:38:16.132108,2774,2.235
2026-10-10 12:38:16.943374,2779,2.239
2026-10-10 12:38:17.551711,2775,2.236
2026-10-10 12:38:18.360939,2775,2.236
2026-10-10 12:38:18.971376,2775,2.236
2026-10-10 12:38:19.785173,2779,2.239
2026-10-10 12:38:20.396162,2778,2.239
2026-10-10 12:38:21.205651,2772,2.234
2026-10-10 12:38:21.825695,2781,2.241
2026-10-10 12:38:22.649026,2777,2.238
2026-10-10 12:38:23.256077,2779,2.239
2026-10-10 12:38:24.066964,2775,2.236
2026-10-10 12:38:24.676991,2775,2.236
2026-10-10 12:38:25.282720,2775,2.236
2026-10-10 12:38:26.091523,2777,2.238
2026-10-10 12:38:26.699650,2779,2.239
2026-10-10 12:38:27.511218,2779,2.239
2026-10-10 12:38:28.134081,2779,2.239
2026-10-10 12:38:28.959687,2779,2.239
2026-10-10 12:38:29.568804,2779,2.239
2026-10-10 12:38:30.384067,2775,2.236
2026-10-10 12:38:30.992845,2777,2.238
2026-10-10 12:38:31.803378,2777,2.238
2026-10-10 12:38:32.409128,2777,2.238
2026-10-10 12:38:33.220742,2777,2.238
2026-10-10 12:38:33.829635,2779,2.239
2026-10-10 12:38:34.442851,2779,2.239
2026-10-10 12:38:35.266615,2778,2.239
2026-10-10 12:38:35.875533,2775,2.236
2026-10-10 12:38:36.683881,2778,2.239
2026-10-10 12:38:37.290988,2775,2.236
2026-10-10 12:38:38.103121,2779,2.239
2026-10-10 12:38:38.710281,2777,2.238
2026-10-10 12:38:39.521963,2779,2.239
2026-10-10 12:38:40.129168,2775,2.236
2026-10-10 12:38:40.943235,2780,2.24
2026-10-10 12:38:41.557680,2781,2.241
2026-10-10 12:38:42.368299,2779,2.239
2026-10-10 12:38:42.978341,2765,2.228
2026-10-10 12:38:43.793779,2775,2.236
2026-10-10 12:38:44.404209,2782,2.242
2026-10-10 12:38:45.013948,2759,2.223
2026-10-10 12:38:45.823675,2775,2.236
2026-10-10 12:38:46.431367,2779,2.239
2026-10-10 12:38:47.244403,2777,2.238
2026-10-10 12:38:47.856633,2775,2.236
2026-10-10 12:38:48.667898,2777,2.238
2026-10-10 12:38:49.274568,2781,2.241
2026-10-10 12:38:50.084903,2777,2.238
2026-10-10 12:38:50.692828,2775,2.236
2026-10-10 12:38:51.504456,2779,2.239
2026-10-10 12:38:52.110531,2778,2.239
2026-10-10 12:38:52.937005,2776,2.237
2026-10-10 12:38:53.548567,2780,2.24
2026-10-10 12:38:54.163769,2781,2.241
2026-10-10 12:38:54.975313,2775,2.236
2026-10-10 12:38:55.584304,2775,2.236
2026-10-10 12:38:56.399988,2783,2.243
2026-10-10 12:38:57.009250,2775,2.236
2026-10-10 12:38:57.818201,2780,2.24
2026-10-10 12:38:58.429054,2776,2.237
2026-10-10 12:38:59.239437,2781,2.241
2026-10-10 12:38:59.845908,2779,2.239
2026-10-10 12:39:00.656560,2777,2.238
2026-10-10 12:39:01.265696,2777,2.238
2026-10-10 12:39:02.080283,2779,2.239
2026-10-10 12:39:02.691940,2775,2.236
2026-10-10 12:39:03.502274,2777,2.238
2026-10-10 12:39:04.127286,2777,2.238
2026-10-10 12:39:04.738025,2777,2.238
2026-10-10 12:39:05.542878,2779,2.239
2026-10-10 12:39:06.151076,2781,2.241
2026-10-10 12:39:06.961790,2775,2.236
2026-10-10 12:39:07.567456,2777,2.238
2026-10-10 12:39:08.372145,2776,2.237
2026-10-10 12:39:08.977912,2779,2.239
2026-10-10 12:39:09.783867,2781,2.241
2026-10-10 12:39:10.389444,2775,2.236
2026-10-10 12:39:11.201538,2773,2.235
2026-10-10 12:39:11.811499,2781,2.241
2026-10-10 12:39:12.627419,2775,2.236
2026-10-10 12:39:13.231041,2781,2.241
2026-10-10 12:39:14.046434,2777,2.238
2026-10-10 12:39:14.656622,2780,2.24
2026-10-10 12:39:15.467601,2775,2.236
2026-10-10 12:39:16.073272,2781,2.241
2026-10-10 12:39:16.691002,2779,2.239
2026-10-10 12:39:17.509123,2775,2.236
2026-10-10 12:39:18.132557,2781,2.241
2026-10-10 12:39:18.941669,2777,2.238
2026-10-10 12:39:19.548604,2779,2.239
2026-10-10 12:39:20.358531,2780,2.24
2026-10-10 12:39:20.967846,2774,2.235
2026-10-10 12:39:21.778938,2779,2.239
2026-10-10 12:39:22.386527,2779,2.239
2026-10-10 12:39:23.200338,2779,2.239
2026-10-10 12:39:23.807855,2775,2.236
2026-10-10 12:39:24.618778,2779,2.239
2026-10-10 12:39:25.229418,2779,2.239
2026-10-10 12:39:25.850579,2779,2.239
2026-10-10 12:39:26.660540,2779,2.239
2026-10-10 12:39:27.271801,2779,2.239
2026-10-10 12:39:28.079538,2779,2.239
2026-10-10 12:39:28.692285,2775,2.236
2026-10-10 12:39:29.507471,2775,2.236
2026-10-10 12:39:30.113301,2777,2.238
2026-10-10 12:39:30.919749,2775,2.236
2026-10-10 12:39:31.523471,2777,2.238
2026-10-10 12:39:32.335082,2775,2.236
2026-10-10 12:39:32.945690,2775,2.236
2026-10-10 12:39:33.758971,2775,2.236
2026-10-10 12:39:34.367549,2775,2.236
2026-10-10 12:39:35.173979,2775,2.236
2026-10-10 12:39:35.783567,2779,2.239
2026-10-10 12:39:36.592381,2777,2.238
2026-10-10 12:39:37.204090,2775,2.236
2026-10-10 12:39:37.811801,2775,2.236
2026-10-10 12:39:38.621332,2780,2.24
2026-10-10 12:39:39.229368,2779,2.239
2026-10-10 12:39:40.044606,2777,2.238
2026-10-10 12:39:40.658315,2779,2.239
2026-10-10 12:39:41.478028,2778,2.239
2026-10-10 12:39:42.088494,2775,2.236
2026-10-10 12:39:42.900566,2779,2.239
2026-10-10 12:39:43.507218,2777,2.238
2026-10-10 12:39:44.317248,2775,2.236
2026-10-10 12:39:44.926039,2775,2.236
2026-10-10 12:39:45.741274,2779,2.239
2026-10-10 12:39:46.347511,2779,2.239
2026-10-10 12:39:46.955901,2781,2.241
2026-10-10 12:39:47.767924,2783,2.243
2026-10-10 12:39:48.374176,2778,2.239
2026-10-10 12:39:49.183845,2779,2.239
2026-10-10 12:39:49.795159,2775,2.236
2026-10-10 12:39:50.608990,2777,2.238
2026-10-10 12:39:51.213926,2779,2.239
2026-10-10 12:39:52.026973,2775,2.236
2026-10-10 12:39:52.636507,2779,2.239
2026-10-10 12:39:53.446689,2779,2.239
2026-10-10 12:39:54.051962,2775,2.236
2026-10-10 12:39:54.866558,2777,2.238
2026-10-10 12:39:55.473346,2777,2.238
2026-10-10 12:39:56.283546,2779,2.239
2026-10-10 12:39:56.887143,2774,2.235
2026-10-10 12:39:57.700431,2777,2.238
2026-10-10 12:39:58.305806,2779,2.239
2026-10-10 12:39:58.916945,2779,2.239
2026-10-10 12:39:59.736668,2777,2.238
2026-10-10 12:40:00.345387,2779,2.239
2026-10-10 12:40:01.165839,2777,2.238
2026-10-10 12:40:01.772722,2776,2.237
2026-10-10 12:40:02.588005,2775,2.236
2026-10-10 12:40:03.198830,2775,2.236
2026-10-10 12:40:04.009027,2782,2.242
2026-10-10 12:40:04.617004,2779,2.239
2026-10-10 12:40:05.427678,2779,2.239
2026-10-10 12:40:06.035430,2781,2.241
2026-10-10 12:40:06.845754,2775,2.236
2026-10-10 12:40:07.452766,2776,2.237
2026-10-10 12:40:08.065995,2779,2.239
2026-10-10 12:40:08.889273,2778,2.239
2026-10-10 12:40:09.501029,2775,2.236
2026-10-10 12:40:10.307850,2779,2.239
2026-10-10 12:40:10.915165,2779,2.239
2026-10-10 12:40:11.723239,2777,2.238
2026-10-10 12:40:12.329780,2779,2.239
2026-10-10 12:40:13.142106,2781,2.241
2026-10-10 12:40:13.747750,2779,2.239
2026-10-10 12:40:14.558594,2779,2.239
2026-10-10 12:40:15.164016,2779,2.239
2026-10-10 12:40:15.972961,2775,2.236
2026-10-10 12:40:16.596024,2779,2.239
2026-10-10 12:40:17.402910,2777,2.238
2026-10-10 12:40:18.014245,2776,2.237
2026-10-10 12:40:18.625770,2780,2.24
2026-10-10 12:40:19.434660,2778,2.239
2026-10-10 12:40:20.042566,2777,2.238
2026-10-10 12:40:20.850473,2781,2.241
2026-10-10 12:40:21.459257,2775,2.236
2026-10-10 12:40:22.283527,2779,2.239
2026-10-10 12:40:22.890927,2779,2.239
2026-10-10 12:40:23.700248,2779,2.239
2026-10-10 12:40:24.306064,2778,2.239
2026-10-10 12:40:25.109863,2777,2.238
2026-10-10 12:40:25.718312,2779,2.239
2026-10-10 12:40:26.527767,2775,2.236
2026-10-10 12:40:27.150697,2775,2.236
2026-10-10 12:40:27.961418,2779,2.239
2026-10-10 12:40:28.570902,2780,2.24
2026-10-10 12:40:29.380905,2777,2.238
2026-10-10 12:40:29.986624,2775,2.236
2026-10-10 12:40:30.594514,2781,2.241
2026-10-10 12:40:31.401685,2779,2.239
2026-10-10 12:40:32.009860,2779,2.239
2026-10-10 12:40:32.821760,2781,2.241
2026-10-10 12:40:33.427900,2781,2.241
2026-10-10 12:40:34.237928,2776,2.237
2026-10-10 12:40:34.860337,2781,2.241
2026-10-10 12:40:35.682667,2777,2.238
2026-10-10 12:40:36.291857,2773,2.235
2026-10-10 12:40:37.100912,2778,2.239
2026-10-10 12:40:37.708702,2779,2.239
2026-10-10 12:40:38.520943,2777,2.238
2026-10-10 12:40:39.132581,2782,2.242
2026-10-10 12:40:39.745757,2777,2.238
2026-10-10 12:40:40.568711,2777,2.238
2026-10-10 12:40:41.175597,2775,2.236
2026-10-10 12:40:41.989229,2779,2.239
2026-10-10 12:40:42.596420,2779,2.239
2026-10-10 12:40:43.407267,2777,2.238
2026-10-10 12:40:44.013958,2779,2.239
2026-10-10 12:40:44.825630,2775,2.236
2026-10-10 12:40:45.432605,2773,2.235
2026-10-10 12:40:46.242592,2775,2.236
2026-10-10 12:40:46.846172,2781,2.241
2026-10-10 12:40:47.655810,2775,2.236
2026-10-10 12:40:48.258705,2779,2.239
2026-10-10 12:40:49.083492,2775,2.236
2026-10-10 12:40:49.692289,2777,2.238
2026-10-10 12:40:50.502019,2781,2.241
2026-10-10 12:40:51.117906,2777,2.238
2026-10-10 12:40:51.723925,2777,2.238
2026-10-10 12:40:52.544114,2775,2.236
2026-10-10 12:40:53.151821,2775,2.236
2026-10-10 12:40:53.966260,2779,2.239
2026-10-10 12:40:54.579219,2773,2.235
2026-10-10 12:40:55.387625,2783,2.243
2026-10-10 12:40:55.996556,2775,2.236
2026-10-10 12:40:56.817166,2777,2.238
2026-10-10 12:40:57.422521,2781,2.241
2026-10-10 12:40:58.231425,2780,2.24
2026-10-10 12:40:58.840283,2779,2.239
2026-10-10 12:40:59.651170,2777,2.238
2026-10-10 12:41:00.258801,2776,2.237
2026-10-10 12:41:00.870024,2779,2.239
2026-10-10 12:41:01.694931,2779,2.239
2026-10-10 12:41:02.302825,2779,2.239
2026-10-10 12:41:03.113255,2775,2.236
2026-10-10 12:41:03.722795,2781,2.241
2026-10-10 12:41:04.538222,2776,2.237
2026-10-10 12:41:05.149583,2775,2.236
2026-10-10 12:41:05.959515,2779,2.239
2026-10-10 12:41:06.578660,2775,2.236
2026-10-10 12:41:07.388986,2775,2.236
2026-10-10 12:41:07.996103,2777,2.238
2026-10-10 12:41:08.805655,2771,2.233
2026-10-10 12:41:09.411992,2775,2.236
2026-10-10 12:41:10.220829,2781,2.241
2026-10-10 12:41:10.825497,2779,2.239
2026-10-10 12:41:11.433653,2780,2.24
2026-10-10 12:41:12.243409,2780,2.24
2026-10-10 12:41:12.854214,2781,2.241
2026-10-10 12:41:13.666699,2778,2.239
2026-10-10 12:41:14.285861,2777,2.238
2026-10-10 12:41:15.099666,2777,2.238
2026-10-10 12:41:15.706357,2779,2.239
2026-10-10 12:41:16.516054,2775,2.236
2026-10-10 12:41:17.121384,2775,2.236
2026-10-10 12:41:17.944371,2779,2.239
2026-10-10 12:41:18.551381,2777,2.238
2026-10-10 12:41:19.365267,2778,2.239
2026-10-10 12:41:19.985351,2779,2.239
2026-10-10 12:41:20.593265,2779,2.239
2026-10-10 12:41:21.422611,2779,2.239
2026-10-10 12:41:22.030167,2777,2.238
2026-10-10 12:41:22.838445,2783,2.243
2026-10-10 12:41:23.448696,2778,2.239
2026-10-10 12:41:24.262488,2780,2.24
2026-10-10 12:41:24.873219,2777,2.238
2026-10-10 12:41:25.682577,2777,2.238
2026-10-10 12:41:26.294648,2777,2.238
2026-10-10 12:41:27.102781,2779,2.239
2026-10-10 12:41:27.713997,2777,2.238
2026-10-10 12:41:28.525518,2777,2.238
2026-10-10 12:41:29.132204,2781,2.241
2026-10-10 12:41:29.743708,2771,2.233
2026-10-10 12:41:30.569103,2779,2.239
2026-10-10 12:41:31.178384,2781,2.241
2026-10-10 12:41:31.989038,2779,2.239
2026-10-10 12:41:32.594592,2777,2.238
2026-10-10 12:41:33.410540,2775,2.236
2026-10-10 12:41:34.015827,2775,2.236
2026-10-10 12:41:34.827488,2777,2.238
2026-10-10 12:41:35.436198,2775,2.236
2026-10-10 12:41:36.249228,2781,2.241
2026-10-10 12:41:36.858832,2779,2.239
2026-10-10 12:41:37.669600,2779,2.239
2026-10-10 12:41:38.278587,2775,2.236
2026-10-10 12:41:39.087502,2779,2.239
2026-10-10 12:41:39.695814,2779,2.239
2026-10-10 12:41:40.304690,2777,2.238
2026-10-10 12:41:41.116891,2775,2.236
2026-10-10 12:41:41.723637,2775,2.236
2026-10-10 12:41:42.536498,2779,2.239
2026-10-10 12:41:43.145945,2777,2.238
2026-10-10 12:41:43.957545,2779,2.239
2026-10-10 12:41:44.570521,2777,2.238
2026-10-10 12:41:45.385339,2775,2.236
2026-10-10 12:41:45.995704,2779,2.239
2026-10-10 12:41:46.812952,2775,2.236
2026-10-10 12:41:47.420212,2777,2.238
2026-10-10 12:41:48.232899,2779,2.239
2026-10-10 12:41:48.842302,2777,2.238
2026-10-10 12:41:49.653405,2779,2.239
2026-10-10 12:41:50.259634,2779,2.239
2026-10-10 12:41:50.872437,2775,2.236
2026-10-10 12:41:51.684162,2780,2.24
2026-10-10 12:41:52.292078,2779,2.239
2026-10-10 12:41:53.103744,2775,2.236
2026-10-10 12:41:53.713427,2779,2.239
2026-10-10 12:41:54.527048,2781,2.241
2026-10-10 12:41:55.135467,2779,2.239
2026-10-10 12:41:55.946579,2776,2.237
2026-10-10 12:41:56.556054,2778,2.239
2026-10-10 12:41:57.372286,2777,2.238
2026-10-10 12:41:57.984550,2775,2.236
2026-10-10 12:41:58.799855,2775,2.236
2026-10-10 12:41:59.410414,2779,2.239
2026-10-10 12:42:00.023749,2779,2.239
2026-10-10 12:42:00.837538,2779,2.239
2026-10-10 12:42:01.445721,2779,2.239
2026-10-10 12:42:02.249436,2777,2.238
2026-10-10 12:42:02.865862,2777,2.238
2026-10-10 12:42:03.684215,2779,2.239
2026-10-10 12:42:04.289098,2777,2.238
2026-10-10 12:42:05.105716,2780,2.24
2026-10-10 12:42:05.720230,2775,2.236
2026-10-10 12:42:06.529564,2775,2.236
2026-10-10 12:42:07.137820,2775,2.236
2026-10-10 12:42:07.955029,2779,2.239
2026-10-10 12:42:08.572234,2781,2.241
2026-10-10 12:42:09.183630,2779,2.239
2026-10-10 12:42:10.000375,2777,2.238
2026-10-10 12:42:10.610551,2779,2.239
2026-10-10 12:42:11.425112,2780,2.24
2026-10-10 12:42:12.035571,2779,2.239
2026-10-10 12:42:12.857302,2775,2.236
2026-10-10 12:42:13.477359,2779,2.239
2026-10-10 12:42:14.286159,2781,2.241
2026-10-10 12:42:14.893147,2775,2.236
2026-10-10 12:42:15.701322,2775,2.236
2026-10-10 12:42:16.309211,2781,2.241
2026-10-10 12:42:16.921928,2779,2.239
2026-10-10 12:42:17.729426,2775,2.236
2026-10-10 12:42:18.336426,2779,2.239
2026-10-10 12:42:19.145451,2779,2.239
2026-10-10 12:42:19.755370,2775,2.236
2026-10-10 12:42:20.577327,2780,2.24
2026-10-10 12:42:21.182940,2779,2.239
2026-10-10 12:42:21.998121,2777,2.238
2026-10-10 12:42:22.605620,2780,2.24
2026-10-10 12:42:23.417439,2775,2.236
2026-10-10 12:42:24.023418,2779,2.239
2026-10-10 12:42:24.833240,2776,2.237
2026-10-10 12:42:25.451081,2780,2.24
2026-10-10 12:42:26.260408,2781,2.241
2026-10-10 12:42:26.864733,2775,2.236
2026-10-10 12:42:27.475808,2777,2.238
2026-10-10 12:42:28.284598,2777,2.238
2026-10-10 12:42:28.900359,2781,2.241
2026-10-10 12:42:29.705931,2781,2.241
2026-10-10 12:42:30.324999,2777,2.238
2026-10-10 12:42:31.135968,2779,2.239
2026-10-10 12:42:31.746588,2779,2.239
2026-10-10 12:42:32.559174,2776,2.237
2026-10-10 12:42:33.166291,2783,2.243
2026-10-10 12:42:33.978057,2775,2.236
2026-10-10 12:42:34.583757,2777,2.238
2026-10-10 12:42:35.393521,2795,2.252
2026-10-10 12:42:36.001243,2775,2.236
2026-10-10 12:42:36.817172,2779,2.239
2026-10-10 12:42:37.425814,2779,2.239
2026-10-10 12:42:38.036870,2781,2.241
2026-10-10 12:42:38.845299,2775,2.236
2026-10-10 12:42:39.468364,2781,2.241
2026-10-10 12:42:40.278448,2779,2.239
2026-10-10 12:42:40.888242,2761,2.225
2026-10-10 12:42:41.702471,2779,2.239
2026-10-10 12:42:42.314155,2779,2.239
2026-10-10 12:42:43.132773,2780,2.24
2026-10-10 12:42:43.746597,2779,2.239
2026-10-10 12:42:44.558930,2778,2.239
2026-10-10 12:42:45.174644,2776,2.237
2026-10-10 12:42:45.781900,2777,2.238
2026-10-10 12:42:46.600713,2779,2.239
2026-10-10 12:42:47.211076,2783,2.243
2026-10-10 12:42:48.021303,2779,2.239
2026-10-10 12:42:48.628178,2777,2.238
2026-10-10 12:42:49.439447,2781,2.241
2026-10-10 12:42:50.051378,2780,2.24
2026-10-10 12:42:50.877445,2781,2.241
2026-10-10 12:42:51.481967,2769,2.231
2026-10-10 12:42:52.306422,2777,2.238
2026-10-10 12:42:52.916819,2775,2.236
2026-10-10 12:42:53.525827,2775,2.236
2026-10-10 12:42:54.342073,2780,2.24
2026-10-10 12:42:54.952603,2779,2.239
2026-10-10 12:42:55.758539,2779,2.239
2026-10-10 12:42:56.365850,2775,2.236
2026-10-10 12:42:57.174980,2775,2.236
2026-10-10 12:42:57.783558,2775,2.236
2026-10-10 12:42:58.606951,2777,2.238
2026-10-10 12:42:59.215700,2775,2.236
2026-10-10 12:43:00.042194,2779,2.239
2026-10-10 12:43:00.651828,2777,2.238
2026-10-10 12:43:01.462500,2779,2.239
2026-10-10 12:43:02.081673,2781,2.241
2026-10-10 12:43:02.693590,2775,2.236
2026-10-10 12:43:03.506911,2777,2.238
2026-10-10 12:43:04.114459,2775,2.236
2026-10-10 12:43:04.923575,2777,2.238
2026-10-10 12:43:05.529069,2775,2.236
2026-10-10 12:43:06.350316,2779,2.239
2026-10-10 12:43:06.961346,2779,2.239
2026-10-10 12:43:07.772675,2775,2.236
2026-10-10 12:43:08.381622,2779,2.239
2026-10-10 12:43:09.194333,2775,2.236
2026-10-10 12:43:09.816157,2776,2.237
2026-10-10 12:43:10.429488,2778,2.239
2026-10-10 12:43:11.239458,2779,2.239
2026-10-10 12:43:11.847107,2779,2.239
2026-10-10 12:43:12.663339,2779,2.239
2026-10-10 12:43:13.272229,2775,2.236
2026-10-10 12:43:14.082218,2775,2.236
2026-10-10 12:43:14.690904,2777,2.238
2026-10-10 12:43:15.502004,2776,2.237
2026-10-10 12:43:16.111384,2781,2.241
2026-10-10 12:43:16.919021,2775,2.236
2026-10-10 12:43:17.540589,2780,2.24
2026-10-10 12:43:18.348526,2777,2.238
2026-10-10 12:43:18.957466,2781,2.241
2026-10-10 12:43:19.764831,2775,2.236
2026-10-10 12:43:20.372027,2776,2.237
2026-10-10 12:43:21.183108,2776,2.237
2026-10-10 12:43:21.790312,2778,2.239
2026-10-10 12:43:22.403248,2777,2.238
2026-10-10 12:43:23.215254,2779,2.239
2026-10-10 12:43:23.822267,2775,2.236
2026-10-10 12:43:24.629246,2779,2.239
2026-10-10 12:43:25.234949,2777,2.238
2026-10-10 12:43:26.060591,2779,2.239
2026-10-10 12:43:26.684310,2779,2.239
2026-10-10 12:43:27.490741,2779,2.239
2026-10-10 12:43:28.100229,2782,2.242
2026-10-10 12:43:28.909461,2779,2.239
2026-10-10 12:43:29.517951,2775,2.236
2026-10-10 12:43:30.327258,2777,2.238
2026-10-10 12:43:30.933357,2775,2.236
2026-10-10 12:43:31.742356,2776,2.237
2026-10-10 12:43:32.359025,2777,2.238
2026-10-10 12:43:32.969848,2775,2.236
2026-10-10 12:43:33.778614,2775,2.236
2026-10-10 12:43:34.388517,2779,2.239
2026-10-10 12:43:35.196284,2780,2.24
2026-10-10 12:43:35.803533,2775,2.236
2026-10-10 12:43:36.614530,2776,2.237
2026-10-10 12:43:37.237559,2779,2.239
2026-10-10 12:43:38.047358,2778,2.239
2026-10-10 12:43:38.653290,2779,2.239
2026-10-10 12:43:39.466001,2778,2.239
2026-10-10 12:43:40.072418,2779,2.239
2026-10-10 12:43:40.879410,2781,2.241
2026-10-10 12:43:41.487551,2772,2.234
2026-10-10 12:43:42.296609,2763,2.227
2026-10-10 12:43:42.908136,2777,2.238
2026-10-10 12:43:43.715712,2545,2.051
2026-10-10 12:43:44.325959,2317,1.867
2026-10-10 12:43:45.137525,1902,1.533
2026-10-10 12:43:45.743956,1527,1.231
2026-10-10 12:43:46.553638,941,0.758
2026-10-10 12:43:47.163329,582,0.469
2026-10-10 12:43:47.771303,157,0.127
2026-10-10 12:43:48.583876,1,0.001
2026-10-10 12:43:49.190406,0,0.0
2026-10-10 12:43:50.002749,1,0.001
2026-10-10 12:43:50.610809,0,0.0
2026-10-10 12:43:51.422307,0,0.0
2026-10-10 12:43:52.029443,0,0.0
2026-10-10 12:43:52.837490,1,0.001
2026-10-10 12:43:53.444853,0,0.0
2026-10-10 12:43:54.267471,1,0.001
2026-10-10 12:43:54.875302,1,0.001
2026-10-10 12:43:55.479736,1,0.001
2026-10-10 12:43:56.290181,0,0.0
2026-10-10 12:43:56.901554,0,0.0
2026-10-10 12:43:57.711343,2,0.002
2026-10-10 12:43:58.317506,1,0.001
2026-10-10 12:43:59.125618,0,0.0
2026-10-10 12:43:59.737699,1,0.001
2026-10-10 12:44:00.550423,1,0.001
2026-10-10 12:44:01.155309,1,0.001
2026-10-10 12:44:01.962795,0,0.0
2026-10-10 12:44:02.570340,1,0.001
2026-10-10 12:44:03.380780,2,0.002
2026-10-10 12:44:03.987649,1,0.001
2026-10-10 12:44:04.800333,2,0.002
2026-10-10 12:44:05.418226,1,0.001
2026-10-10 12:44:06.025666,1,0.001
2026-10-10 12:44:06.833708,0,0.0
2026-10-10 12:44:07.439799,1,0.001
2026-10-10 12:44:08.248674,2,0.002
2026-10-10 12:44:08.854734,0,0.0
2026-10-10 12:44:09.668510,2,0.002
2026-10-10 12:44:10.278419,2,0.002
2026-10-10 12:44:11.089521,1,0.001
2026-10-10 12:44:11.695043,0,0.0
2026-10-10 12:44:12.503591,0,0.0
2026-10-10 12:44:13.110751,1,0.001
2026-10-10 12:44:13.720829,1,0.001
2026-10-10 12:44:14.536146,1,0.001
2026-10-10 12:44:15.143212,1,0.001
2026-10-10 12:44:15.953070,1,0.001
2026-10-10 12:44:16.559834,0,0.0
2026-10-10 12:44:17.368197,0,0.0
2026-10-10 12:44:17.977514,0,0.0
2026-10-10 12:44:18.785431,0,0.0
2026-10-10 12:44:19.392423,0,0.0
2026-10-10 12:44:20.200465,1,0.001
2026-10-10 12:44:20.810503,1,0.001
2026-10-10 12:44:21.616693,0,0.0
2026-10-10 12:44:22.225842,1,0.001
2026-10-10 12:44:22.831857,0,0.0
2026-10-10 12:44:23.638557,1,0.001
2026-10-10 12:44:24.248634,1,0.001
2026-10-10 12:44:25.059197,0,0.0
2026-10-10 12:44:25.670235,1,0.001
2026-10-10 12:44:26.479394,0,0.0
2026-10-10 12:44:27.085663,0,0.0
2026-10-10 12:44:27.892986,2,0.002
2026-10-10 12:44:28.507018,1,0.001
2026-10-10 12:44:29.318056,2,0.002
2026-10-10 12:44:29.925652,1,0.001
2026-10-10 12:44:30.735580,1,0.001
2026-10-10 12:44:31.344468,0,0.0
2026-10-10 12:44:31.951313,0,0.0
2026-10-10 12:44:32.762760,1,0.001
2026-10-10 12:44:33.370655,0,0.0
2026-10-10 12:44:34.183235,1,0.001
2026-10-10 12:44:34.791358,0,0.0
2026-10-10 12:44:35.603583,2,0.002
2026-10-10 12:44:36.212526,1,0.001
2026-10-10 12:44:37.020426,1,0.001
2026-10-10 12:44:37.629769,0,0.0
2026-10-10 12:44:38.440354,0,0.0
2026-10-10 12:44:39.046223,1,0.001
2026-10-10 12:44:39.853833,1,0.001
2026-10-10 12:44:40.457622,2,0.002
2026-10-10 12:44:41.070230,0,0.0
2026-10-10 12:44:41.878913,1,0.001
2026-10-10 12:44:42.484886,0,0.0
2026-10-10 12:44:43.294788,0,0.0
2026-10-10 12:44:43.897917,1,0.001
2026-10-10 12:44:44.706897,0,0.0
2026-10-10 12:44:45.315323,1,0.001
2026-10-10 12:44:46.123636,1,0.001
2026-10-10 12:44:46.731831,0,0.0
2026-10-10 12:44:47.548280,1,0.001
2026-10-10 12:44:48.153532,1,0.001
2026-10-10 12:44:48.966757,1,0.001
2026-10-10 12:44:49.573596,1,0.001
2026-10-10 12:44:50.182265,0,0.0
2026-10-10 12:44:50.991360,1,0.001
2026-10-10 12:44:51.596385,0,0.0
2026-10-10 12:44:52.406578,0,0.0
2026-10-10 12:44:53.012581,0,0.0
2026-10-10 12:44:53.836310,1,0.001
2026-10-10 12:44:54.441559,0,0.0
2026-10-10 12:44:55.247561,1,0.001
2026-10-10 12:44:55.856572,0,0.0
2026-10-10 12:44:56.668031,0,0.0
2026-10-10 12:44:57.277951,1,0.001
2026-10-10 12:44:58.086518,1,0.001
2026-10-10 12:44:58.695496,1,0.001
2026-10-10 12:44:59.505276,1,0.001
2026-10-10 12:45:00.109553,1,0.001
2026-10-10 12:45:00.722201,1,0.001
2026-10-10 12:45:01.535329,0,0.0
2026-10-10 12:45:02.140357,0,0.0
2026-10-10 12:45:02.951470,0,0.0
2026-10-10 12:45:03.559845,1,0.001
2026-10-10 12:45:04.372606,0,0.0
2026-10-10 12:45:04.977526,0,0.0
2026-10-10 12:45:05.788957,1,0.001
2026-10-10 12:45:06.395913,0,0.0
2026-10-10 12:45:07.209137,0,0.0
2026-10-10 12:45:07.814843,1,0.001
2026-10-10 12:45:08.621160,0,0.0
2026-10-10 12:45:09.232021,0,0.0
2026-10-10 12:45:09.838839,0,0.0
2026-10-10 12:45:10.658991,0,0.0
2026-10-10 12:45:11.269001,1,0.001
2026-10-10 12:45:12.079206,0,0.0
2026-10-10 12:45:12.686373,0,0.0
2026-10-10 12:45:13.499537,1,0.001
2026-10-10 12:45:14.113595,0,0.0
2026-10-10 12:45:14.928574,1,0.001
2026-10-10 12:45:15.539105,1,0.001
2026-10-10 12:45:16.152530,0,0.0
2026-10-10 12:45:16.966258,0,0.0
2026-10-10 12:45:17.576980,1,0.001
2026-10-10 12:45:18.392754,0,0.0
2026-10-10 12:45:19.001469,1,0.001
2026-10-10 12:45:19.813553,1,0.001
2026-10-10 12:45:20.426305,1,0.001
2026-10-10 12:45:21.240698,1,0.001
2026-10-10 12:45:21.853441,1,0.001
2026-10-10 12:45:22.462890,1,0.001
2026-10-10 12:45:23.273687,0,0.0
2026-10-10 12:45:23.883431,1,0.001
2026-10-10 12:45:24.692246,1,0.001
2026-10-10 12:45:25.303461,1,0.001
2026-10-10 12:45:26.120657,1,0.001
2026-10-10 12:45:26.729125,1,0.001
2026-10-10 12:45:27.545690,1,0.001
2026-10-10 12:45:28.162083,1,0.001
2026-10-10 12:45:28.778129,1,0.001
2026-10-10 12:45:29.599434,1,0.001
2026-10-10 12:45:30.213531,1,0.001
2026-10-10 12:45:31.025497,0,0.0
2026-10-10 12:45:31.637326,0,0.0
2026-10-10 12:45:32.447135,1,0.001
2026-10-10 12:45:33.049208,1,0.001
2026-10-10 12:45:33.878349,1,0.001
2026-10-10 12:45:34.507139,0,0.0
2026-10-10 12:45:35.122128,1,0.001
2026-10-10 12:45:35.963682,1,0.001
2026-10-10 12:45:36.576388,0,0.0
2026-10-10 12:45:37.190128,1,0.001
2026-10-10 12:45:38.006804,2,0.002
2026-10-10 12:45:38.614847,2,0.002
2026-10-10 12:45:39.432306,1,0.001
2026-10-10 12:45:40.040298,1,0.001
2026-10-10 12:45:40.853077,1,0.001
2026-10-10 12:45:41.462477,1,0.001
2026-10-10 12:45:42.275569,1,0.001
2026-10-10 12:45:42.883509,0,0.0
2026-10-10 12:45:43.693307,0,0.0
2026-10-10 12:45:44.301639,0,0.0
2026-10-10 12:45:44.912185,0,0.0
2026-10-10 12:45:45.723074,1,0.001
2026-10-10 12:45:46.330745,0,0.0
2026-10-10 12:45:47.149728,1,0.001
2026-10-10 12:45:47.756958,1,0.001
2026-10-10 12:45:48.574310,1,0.001
2026-10-10 12:45:49.181070,1,0.001
2026-10-10 12:45:49.994921,0,0.0
2026-10-10 12:45:50.606889,0,0.0
2026-10-10 12:45:51.218774,0,0.0
2026-10-10 12:45:52.030584,2,0.002
2026-10-10 12:45:52.642823,0,0.0
2026-10-10 12:45:53.453106,0,0.0
2026-10-10 12:45:54.065659,0,0.0
2026-10-10 12:45:54.882447,1,0.001
2026-10-10 12:45:55.494880,1,0.001
2026-10-10 12:45:56.307045,1,0.001
2026-10-10 12:45:56.916132,1,0.001
2026-10-10 12:45:57.725661,1,0.001
2026-10-10 12:45:58.337781,1,0.001
2026-10-10 12:45:58.954995,1,0.001
2026-10-10 12:45:59.767154,0,0.0
2026-10-10 12:46:00.372456,1,0.001
2026-10-10 12:46:01.181430,0,0.0
2026-10-10 12:46:01.789927,1,0.001
2026-10-10 12:46:02.598568,0,0.0
2026-10-10 12:46:03.206861,0,0.0
2026-10-10 12:46:04.016040,1,0.001
2026-10-10 12:46:04.625461,1,0.001
2026-10-10 12:46:05.437037,0,0.0
2026-10-10 12:46:06.045225,1,0.001
2026-10-10 12:46:06.853628,1,0.001
2026-10-10 12:46:07.459224,1,0.001
2026-10-10 12:46:08.078155,0,0.0
2026-10-10 12:46:08.890471,1,0.001
2026-10-10 12:46:09.502985,1,0.001
2026-10-10 12:46:10.311954,1,0.001
2026-10-10 12:46:10.921818,1,0.001
2026-10-10 12:46:11.745826,0,0.0
2026-10-10 12:46:12.359989,0,0.0
2026-10-10 12:46:12.971776,1,0.001
2026-10-10 12:46:13.786526,0,0.0
2026-10-10 12:46:14.399154,1,0.001
2026-10-10 12:46:15.217086,1,0.001
2026-10-10 12:46:15.828617,1,0.001
2026-10-10 12:46:16.644714,1,0.001
2026-10-10 12:46:17.259034,0,0.0
2026-10-10 12:46:18.079437,1,0.001
2026-10-10 12:46:18.690544,1,0.001
2026-10-10 12:46:19.301064,0,0.0
2026-10-10 12:46:20.116473,0,0.0
2026-10-10 12:46:20.728275,1,0.001
2026-10-10 12:46:21.546447,1,0.001
2026-10-10 12:46:22.156358,1,0.001
2026-10-10 12:46:22.969061,1,0.001
2026-10-10 12:46:23.579745,0,0.0
2026-10-10 12:46:24.393991,0,0.0
2026-10-10 12:46:25.000903,1,0.001
2026-10-10 12:46:25.610070,1,0.001
2026-10-10 12:46:26.425659,0,0.0
2026-10-10 12:46:27.034974,1,0.001
2026-10-10 12:46:27.849305,0,0.0
2026-10-10 12:46:28.458790,1,0.001
2026-10-10 12:46:29.276624,0,0.0
2026-10-10 12:46:29.887626,1,0.001
2026-10-10 12:46:30.700093,1,0.001
2026-10-10 12:46:31.312248,1,0.001
2026-10-10 12:46:31.924201,1,0.001
2026-10-10 12:46:32.740652,0,0.0
2026-10-10 12:46:33.350058,1,0.001
2026-10-10 12:46:34.164428,1,0.001
2026-10-10 12:46:34.775813,1,0.001
2026-10-10 12:46:35.588659,0,0.0
2026-10-10 12:46:36.205017,0,0.0
2026-10-10 12:46:37.015746,1,0.001
2026-10-10 12:46:37.628901,1,0.001
2026-10-10 12:46:38.238650,0,0.0
2026-10-10 12:46:39.050821,0,0.0
2026-10-10 12:46:39.656944,1,0.001
2026-10-10 12:46:40.470182,1,0.001
2026-10-10 12:46:41.078878,1,0.001
2026-10-10 12:46:41.891837,1,0.001
2026-10-10 12:46:42.505660,1,0.001
2026-10-10 12:46:43.319787,1,0.001
2026-10-10 12:46:43.929957,1,0.001
2026-10-10 12:46:44.746077,1,0.001
2026-10-10 12:46:45.356023,1,0.001
2026-10-10 12:46:45.965437,0,0.0
2026-10-10 12:46:46.777449,0,0.0
2026-10-10 12:46:47.387545,1,0.001
2026-10-10 12:46:48.200902,1,0.001
2026-10-10 12:46:48.812773,0,0.0
2026-10-10 12:46:49.625908,1,0.001
2026-10-10 12:46:50.234054,0,0.0
2026-10-10 12:46:51.045180,1,0.001
2026-10-10 12:46:51.654052,0,0.0
2026-10-10 12:46:52.262616,0,0.0
2026-10-10 12:46:53.072669,0,0.0
2026-10-10 12:46:53.684792,1,0.001
2026-10-10 12:46:54.499130,0,0.0
2026-10-10 12:46:55.112146,1,0.001
2026-10-10 12:46:55.929719,0,0.0
2026-10-10 12:46:56.533030,1,0.001
2026-10-10 12:46:57.347656,0,0.0
2026-10-10 12:46:57.958978,0,0.0
2026-10-10 12:46:58.769841,1,0.001
2026-10-10 12:46:59.379780,1,0.001
2026-10-10 12:46:59.992547,1,0.001
2026-10-10 12:47:00.808407,2,0.002
2026-10-10 12:47:01.423559,0,0.0
2026-10-10 12:47:02.240080,217,0.175
2026-10-10 12:47:02.851909,620,0.5
2026-10-10 12:47:03.661629,825,0.665
2026-10-10 12:47:04.270607,1029,0.829
2026-10-10 12:47:05.083628,1246,1.004
2026-10-10 12:47:05.691925,1317,1.061
2026-10-10 12:47:06.500496,1315,1.06
2026-10-10 12:47:07.108813,1547,1.247
2026-10-10 12:47:07.719627,1916,1.544
2026-10-10 12:47:08.531919,2173,1.751
2026-10-10 12:47:09.140102,2414,1.945
2026-10-10 12:47:09.952395,2779,2.239
2026-10-10 12:47:10.559509,2783,2.243
2026-10-10 12:47:11.368518,2813,2.267
2026-10-10 12:47:11.986958,3167,2.552
2026-10-10 12:47:12.798026,3549,2.86
2026-10-10 12:47:13.410490,3987,3.213
2026-10-10 12:47:14.224119,4094,3.299
2026-10-10 12:47:14.834738,4093,3.298
2026-10-10 12:47:15.651707,4095,3.3
2026-10-10 12:47:16.264761,4093,3.298
2026-10-10 12:47:16.878585,4093,3.298
2026-10-10 12:47:17.703534,4093,3.298
2026-10-10 12:47:18.317140,4094,3.299
2026-10-10 12:47:19.137428,4095,3.3
2026-10-10 12:47:19.747140,4095,3.3
2026-10-10 12:47:20.564864,4094,3.299
2026-10-10 12:47:21.172732,4093,3.298
2026-10-10 12:47:21.985104,4093,3.298
2026-10-10 12:47:22.595127,4095,3.3
2026-10-10 12:47:23.411186,4095,3.3
2026-10-10 12:47:24.021238,4094,3.299
2026-10-10 12:47:24.631204,4095,3.3
2026-10-10 12:47:25.440097,4095,3.3
2026-10-10 12:47:26.048981,4095,3.3
2026-10-10 12:47:26.860666,3936,3.172
2026-10-10 12:47:27.471812,3380,2.724
2026-10-10 12:47:28.281593,3229,2.602
2026-10-10 12:47:28.891961,3063,2.468
2026-10-10 12:47:29.710605,2483,2.001
2026-10-10 12:47:30.329291,2048,1.65
2026-10-10 12:47:31.155336,1951,1.572
2026-10-10 12:47:31.773645,1671,1.347
2026-10-10 12:47:32.389133,1130,0.911
2026-10-10 12:47:33.207908,785,0.633
2026-10-10 12:47:33.828358,792,0.638
2026-10-10 12:47:34.647725,494,0.398
2026-10-10 12:47:35.262935,38,0.031
2026-10-10 12:47:36.081490,1,0.001
2026-10-10 12:47:36.690830,0,0.0
2026-10-10 12:47:37.304194,1,0.001
2026-10-10 12:47:38.115375,0,0.0
2026-10-10 12:47:38.724565,0,0.0
2026-10-10 12:47:39.544755,1,0.001
2026-10-10 12:47:40.154371,0,0.0
2026-10-10 12:47:40.967166,0,0.0
2026-10-10 12:47:41.576993,1,0.001
2026-10-10 12:47:42.392208,1,0.001
2026-10-10 12:47:43.002974,0,0.0
2026-10-10 12:47:43.613480,0,0.0
2026-10-10 12:47:44.423646,0,0.0
2026-10-10 12:47:45.035560,0,0.0
2026-10-10 12:47:45.843557,1,0.001
2026-10-10 12:47:46.451523,0,0.0
2026-10-10 12:47:47.261987,0,0.0
2026-10-10 12:47:47.875248,0,0.0
2026-10-10 12:47:48.689836,0,0.0
2026-10-10 12:47:49.302136,1,0.001
2026-10-10 12:47:49.915858,1,0.001
2026-10-10 12:47:50.733276,1,0.001
2026-10-10 12:47:51.341468,1,0.001
2026-10-10 12:47:52.154393,1,0.001
2026-10-10 12:47:52.764387,1,0.001
2026-10-10 12:47:53.581464,1,0.001
2026-10-10 12:47:54.193095,0,0.0
2026-10-10 12:47:55.003766,1,0.001
2026-10-10 12:47:55.614261,1,0.001
2026-10-10 12:47:56.220015,0,0.0
2026-10-10 12:47:57.026387,2,0.002
2026-10-10 12:47:57.636438,1,0.001
2026-10-10 12:47:58.450008,1,0.001
2026-10-10 12:47:59.054989,1,0.001
2026-10-10 12:47:59.866815,1,0.001
2026-10-10 12:48:00.473647,1,0.001
2026-10-10 12:48:01.284207,0,0.0
2026-10-10 12:48:01.890439,1,0.001
2026-10-10 12:48:02.700836,0,0.0
2026-10-10 12:48:03.312897,0,0.0
2026-10-10 12:48:04.120738,1,0.001
2026-10-10 12:48:04.726177,0,0.0
2026-10-10 12:48:05.333257,0,0.0
2026-10-10 12:48:06.143296,1,0.001
2026-10-10 12:48:06.750453,1,0.001
2026-10-10 12:48:07.559302,1,0.001
2026-10-10 12:48:08.166859,1,0.001
2026-10-10 12:48:08.975126,1,0.001
2026-10-10 12:48:09.583234,0,0.0
2026-10-10 12:48:10.389448,0,0.0
2026-10-10 12:48:10.999475,0,0.0
2026-10-10 12:48:11.810692,1,0.001
2026-10-10 12:48:12.420124,0,0.0
2026-10-10 12:48:13.230799,1,0.001
2026-10-10 12:48:13.838613,0,0.0
2026-10-10 12:48:14.447733,1,0.001
2026-10-10 12:48:15.257069,0,0.0
2026-10-10 12:48:15.865214,0,0.0
2026-10-10 12:48:16.674357,0,0.0
2026-10-10 12:48:17.283697,1,0.001
2026-10-10 12:48:18.092881,1,0.001
2026-10-10 12:48:18.701716,1,0.001
2026-10-10 12:48:19.514361,1,0.001
2026-10-10 12:48:20.122926,0,0.0
2026-10-10 12:48:20.932931,0,0.0
2026-10-10 12:48:21.539858,1,0.001
2026-10-10 12:48:22.352366,1,0.001
2026-10-10 12:48:22.961586,0,0.0
2026-10-10 12:48:23.567077,0,0.0
2026-10-10 12:48:24.374449,0,0.0
2026-10-10 12:48:24.980764,0,0.0
2026-10-10 12:48:25.792288,0,0.0
2026-10-10 12:48:26.400740,1,0.001
2026-10-10 12:48:27.210880,0,0.0
2026-10-10 12:48:27.822484,0,0.0
2026-10-10 12:48:28.634540,1,0.001
2026-10-10 12:48:29.259393,0,0.0
2026-10-10 12:48:29.871614,0,0.0
2026-10-10 12:48:30.680849,1,0.001
2026-10-10 12:48:31.288164,0,0.0
2026-10-10 12:48:32.097137,0,0.0
2026-10-10 12:48:32.704604,0,0.0
2026-10-10 12:48:33.515544,1,0.001
2026-10-10 12:48:34.123982,3,0.002
2026-10-10 12:48:34.935876,0,0.0
2026-10-10 12:48:35.542033,1,0.001
2026-10-10 12:48:36.366445,0,0.0
2026-10-10 12:48:36.976242,1,0.001
2026-10-10 12:48:37.583727,1,0.001
2026-10-10 12:48:38.397503,1,0.001
2026-10-10 12:48:39.004115,0,0.0
2026-10-10 12:48:39.819612,0,0.0
2026-10-10 12:48:40.427513,1,0.001
2026-10-10 12:48:41.239383,1,0.001
2026-10-10 12:48:41.855403,1,0.001
2026-10-10 12:48:42.674111,0,0.0
2026-10-10 12:48:43.288200,1,0.001
2026-10-10 12:48:43.900667,1,0.001
2026-10-10 12:48:44.713433,1,0.001
2026-10-10 12:48:45.330886,1,0.001
2026-10-10 12:48:46.145848,1,0.001
2026-10-10 12:48:46.756351,0,0.0
2026-10-10 12:48:47.577101,1,0.001
2026-10-10 12:48:48.188455,0,0.0
2026-10-10 12:48:49.002961,1,0.001
2026-10-10 12:48:49.617175,1,0.001
2026-10-10 12:48:50.226852,0,0.0
2026-10-10 12:48:51.041884,0,0.0
2026-10-10 12:48:51.652990,0,0.0
2026-10-10 12:48:52.466832,1,0.001
2026-10-10 12:48:53.077226,0,0.0
2026-10-10 12:48:53.888696,1,0.001
2026-10-10 12:48:54.504306,0,0.0
2026-10-10 12:48:55.323006,80,0.064
2026-10-10 12:48:55.932816,216,0.174
2026-10-10 12:48:56.548668,181,0.146
2026-10-10 12:48:57.361888,1,0.001
2026-10-10 12:48:57.975096,0,0.0
2026-10-10 12:48:58.794826,0,0.0
2026-10-10 12:48:59.411282,1,0.001
2026-10-10 12:49:00.230835,0,0.0
2026-10-10 12:49:00.844430,1,0.001
2026-10-10 12:49:01.456621,1,0.001
2026-10-10 12:49:02.275273,1,0.001
2026-10-10 12:49:02.887486,2,0.002
2026-10-10 12:49:03.703809,1,0.001
2026-10-10 12:49:04.320928,0,0.0
2026-10-10 12:49:05.137349,1,0.001
2026-10-10 12:49:05.746928,1,0.001
2026-10-10 12:49:06.353613,0,0.0
2026-10-10 12:49:07.169175,1,0.001
2026-10-10 12:49:07.781932,0,0.0
2026-10-10 12:49:08.596071,0,0.0
2026-10-10 12:49:09.206173,1,0.001
2026-10-10 12:49:10.020391,1,0.001
2026-10-10 12:49:10.630406,2,0.002
2026-10-10 12:49:11.444408,1,0.001
2026-10-10 12:49:12.053980,0,0.0
2026-10-10 12:49:12.868869,2,0.002
2026-10-10 12:49:13.479377,1,0.001
2026-10-10 12:49:14.092204,0,0.0
2026-10-10 12:49:14.907724,0,0.0
2026-10-10 12:49:15.522070,1,0.001
2026-10-10 12:49:16.333614,0,0.0
2026-10-10 12:49:16.942045,1,0.001
2026-10-10 12:49:17.754091,0,0.0
2026-10-10 12:49:18.364318,1,0.001
2026-10-10 12:49:19.176331,1,0.001
2026-10-10 12:49:19.783896,1,0.001
2026-10-10 12:49:20.391295,1,0.001
2026-10-10 12:49:21.204728,0,0.0
2026-10-10 12:49:21.811381,1,0.001
2026-10-10 12:49:22.628178,0,0.0
2026-10-10 12:49:23.235048,0,0.0
2026-10-10 12:49:24.053150,0,0.0
2026-10-10 12:49:24.666311,0,0.0
2026-10-10 12:49:25.481336,1,0.001
2026-10-10 12:49:26.093996,1,0.001
2026-10-10 12:49:26.703706,0,0.0
2026-10-10 12:49:27.521521,0,0.0
2026-10-10 12:49:28.130198,0,0.0
2026-10-10 12:49:28.945557,1,0.001
2026-10-10 12:49:29.557129,0,0.0
2026-10-10 12:49:30.372895,1,0.001
2026-10-10 12:49:30.987038,1,0.001
2026-10-10 12:49:31.800095,1,0.001
2026-10-10 12:49:32.416266,0,0.0
2026-10-10 12:49:33.026130,0,0.0
2026-10-10 12:49:33.837445,1,0.001
2026-10-10 12:49:34.449401,1,0.001
2026-10-10 12:49:35.265850,0,0.0
2026-10-10 12:49:35.879336,0,0.0
2026-10-10 12:49:36.692679,1,0.001
2026-10-10 12:49:37.301883,0,0.0
2026-10-10 12:49:38.116792,1,0.001
2026-10-10 12:49:38.730638,0,0.0
2026-10-10 12:49:39.343361,1,0.001
2026-10-10 12:49:40.160162,1,0.001
2026-10-10 12:49:40.764384,1,0.001
2026-10-10 12:49:41.580132,1,0.001
2026-10-10 12:49:42.191175,0,0.0
2026-10-10 12:49:43.005473,1,0.001
2026-10-10 12:49:43.617787,0,0.0
2026-10-10 12:49:44.431641,1,0.001
2026-10-10 12:49:45.042868,0,0.0
2026-10-10 12:49:45.653057,1,0.001
2026-10-10 12:49:46.475526,0,0.0
2026-10-10 12:49:47.084658,0,0.0
2026-10-10 12:49:47.894468,1,0.001
2026-10-10 12:49:48.500272,1,0.001
2026-10-10 12:49:49.315517,1,0.001
2026-10-10 12:49:49.926554,1,0.001
2026-10-10 12:49:50.738602,1,0.001
2026-10-10 12:49:51.350604,0,0.0
2026-10-10 12:49:51.965326,0,0.0
2026-10-10 12:49:52.780366,1,0.001
2026-10-10 12:49:53.394217,0,0.0
2026-10-10 12:49:54.208547,0,0.0
2026-10-10 12:49:54.823421,4,0.003
2026-10-10 12:49:55.641595,0,0.0
2026-10-10 12:49:56.254821,0,0.0
2026-10-10 12:49:56.864507,0,0.0
2026-10-10 12:49:57.677005,1,0.001
2026-10-10 12:49:58.281348,5,0.004
2026-10-10 12:49:59.095788,1,0.001
2026-10-10 12:49:59.703008,0,0.0
2026-10-10 12:50:00.509720,1,0.001
2026-10-10 12:50:01.120232,1,0.001
2026-10-10 12:50:01.943713,0,0.0
2026-10-10 12:50:02.549618,1,0.001
2026-10-10 12:50:03.368056,0,0.0
2026-10-10 12:50:03.975922,0,0.0
2026-10-10 12:50:04.584999,0,0.0
2026-10-10 12:50:05.394263,1,0.001
2026-10-10 12:50:06.006356,0,0.0
2026-10-10 12:50:06.828750,0,0.0
2026-10-10 12:50:07.437401,1,0.001
2026-10-10 12:50:08.249858,0,0.0
2026-10-10 12:50:08.869386,0,0.0
2026-10-10 12:50:09.678499,0,0.0
2026-10-10 12:50:10.285031,1,0.001
2026-10-10 12:50:10.907587,1,0.001
2026-10-10 12:50:11.716358,1,0.001
2026-10-10 12:50:12.324145,0,0.0
2026-10-10 12:50:13.136427,0,0.0
2026-10-10 12:50:13.743851,0,0.0
2026-10-10 12:50:14.554892,1,0.001
2026-10-10 12:50:15.157867,2,0.002
2026-10-10 12:50:15.968422,1,0.001
2026-10-10 12:50:16.578891,0,0.0
2026-10-10 12:50:17.389127,0,0.0
2026-10-10 12:50:18.012484,1,0.001
2026-10-10 12:50:18.623742,1,0.001
2026-10-10 12:50:19.438212,1,0.001
2026-10-10 12:50:20.043808,0,0.0
2026-10-10 12:50:20.856926,0,0.0
2026-10-10 12:50:21.465309,0,0.0
2026-10-10 12:50:22.269482,1,0.001
2026-10-10 12:50:22.878884,0,0.0
2026-10-10 12:50:23.687472,1,0.001
2026-10-10 12:50:24.291614,1,0.001
2026-10-10 12:50:25.102347,1,0.001
2026-10-10 12:50:25.709350,0,0.0
2026-10-10 12:50:26.318915,0,0.0
2026-10-10 12:50:27.131153,0,0.0
2026-10-10 12:50:27.744676,1,0.001
2026-10-10 12:50:28.555346,1,0.001
2026-10-10 12:50:29.161724,1,0.001
2026-10-10 12:50:29.973286,0,0.0
2026-10-10 12:50:30.579143,1,0.001
2026-10-10 12:50:31.391275,1,0.001
2026-10-10 12:50:32.000252,1,0.001
2026-10-10 12:50:32.810508,0,0.0
2026-10-10 12:50:33.418909,0,0.0
2026-10-10 12:50:34.041453,1,0.001
2026-10-10 12:50:34.850104,1,0.001
2026-10-10 12:50:35.454851,0,0.0
2026-10-10 12:50:36.265677,1,0.001
2026-10-10 12:50:36.872971,0,0.0
2026-10-10 12:50:37.680758,1,0.001
2026-10-10 12:50:38.285618,1,0.001
2026-10-10 12:50:39.095206,0,0.0
2026-10-10 12:50:39.701960,1,0.001
2026-10-10 12:50:40.511073,0,0.0
2026-10-10 12:50:41.119595,0,0.0
2026-10-10 12:50:41.931976,0,0.0
2026-10-10 12:50:42.538024,1,0.001
2026-10-10 12:50:43.344537,0,0.0
2026-10-10 12:50:43.952600,1,0.001
2026-10-10 12:50:44.559883,1,0.001
2026-10-10 12:50:45.371807,2,0.002
2026-10-10 12:50:45.978476,1,0.001
2026-10-10 12:50:46.786291,0,0.0
2026-10-10 12:50:47.392745,1,0.001
2026-10-10 12:50:48.201307,1,0.001
2026-10-10 12:50:48.809767,0,0.0
2026-10-10 12:50:49.620487,0,0.0
2026-10-10 12:50:50.227537,2,0.002
2026-10-10 12:50:51.048059,1,0.001
2026-10-10 12:50:51.659872,0,0.0
2026-10-10 12:50:52.467460,0,0.0
2026-10-10 12:50:53.072570,0,0.0
2026-10-10 12:50:53.680120,1,0.001
2026-10-10 12:50:54.490083,1,0.001
2026-10-10 12:50:55.096252,1,0.001
2026-10-10 12:50:55.908199,1,0.001
2026-10-10 12:50:56.514286,0,0.0
2026-10-10 12:50:57.323367,1,0.001
2026-10-10 12:50:57.929781,1,0.001
2026-10-10 12:50:58.740373,1,0.001
2026-10-10 12:50:59.343506,1,0.001
2026-10-10 12:51:00.170717,0,0.0
2026-10-10 12:51:00.784224,1,0.001
2026-10-10 12:51:01.595018,1,0.001
2026-10-10 12:51:02.202473,1,0.001
2026-10-10 12:51:02.814527,1,0.001
2026-10-10 12:51:03.626914,1,0.001
2026-10-10 12:51:04.236372,1,0.001
2026-10-10 12:51:05.052590,0,0.0
2026-10-10 12:51:05.665730,2,0.002
2026-10-10 12:51:06.478049,1,0.001
2026-10-10 12:51:07.090590,1,0.001
2026-10-10 12:51:07.909546,0,0.0
2026-10-10 12:51:08.523682,0,0.0
2026-10-10 12:51:09.136342,0,0.0
2026-10-10 12:51:09.951503,1,0.001
2026-10-10 12:51:10.562462,0,0.0
2026-10-10 12:51:11.380644,1,0.001
2026-10-10 12:51:11.995335,0,0.0
2026-10-10 12:51:12.808654,1,0.001
2026-10-10 12:51:13.418868,1,0.001
2026-10-10 12:51:14.032996,0,0.0
2026-10-10 12:51:14.847191,0,0.0
2026-10-10 12:51:15.462890,1,0.001
2026-10-10 12:51:16.281770,0,0.0
2026-10-10 12:51:16.896282,1,0.001
2026-10-10 12:51:17.710519,0,0.0
2026-10-10 12:51:18.324776,0,0.0
2026-10-10 12:51:18.937595,1,0.001
2026-10-10 12:51:19.752343,1,0.001
2026-10-10 12:51:20.362919,1,0.001
2026-10-10 12:51:21.171775,1,0.001
2026-10-10 12:51:21.780953,1,0.001
2026-10-10 12:51:22.595725,1,0.001
2026-10-10 12:51:23.205297,0,0.0
2026-10-10 12:51:24.014565,1,0.001
2026-10-10 12:51:24.623330,1,0.001
2026-10-10 12:51:25.435888,0,0.0
2026-10-10 12:51:26.049721,1,0.001
2026-10-10 12:51:26.665518,0,0.0
2026-10-10 12:51:27.488974,0,0.0
2026-10-10 12:51:28.096554,0,0.0
2026-10-10 12:51:28.908840,0,0.0
2026-10-10 12:51:29.519820,1,0.001
2026-10-10 12:51:30.342749,0,0.0
2026-10-10 12:51:30.955285,1,0.001
2026-10-10 12:51:31.569723,0,0.0
2026-10-10 12:51:32.380507,4,0.003
2026-10-10 12:51:32.992703,1,0.001
2026-10-10 12:51:33.803502,0,0.0
2026-10-10 12:51:34.413819,1,0.001
2026-10-10 12:51:35.229631,0,0.0
2026-10-10 12:51:35.840943,1,0.001
2026-10-10 12:51:36.658012,1,0.001
2026-10-10 12:51:37.267488,0,0.0
2026-10-10 12:51:37.877271,1,0.001
2026-10-10 12:51:38.692918,0,0.0
2026-10-10 12:51:39.303455,0,0.0
2026-10-10 12:51:40.119324,1,0.001
2026-10-10 12:51:40.729029,1,0.001
2026-10-10 12:51:41.543634,0,0.0
2026-10-10 12:51:42.149290,1,0.001
2026-10-10 12:51:42.966238,1,0.001
2026-10-10 12:51:43.573908,0,0.0
2026-10-10 12:51:44.187659,0,0.0
2026-10-10 12:51:45.002968,0,0.0
2026-10-10 12:51:45.610269,0,0.0
2026-10-10 12:51:46.426063,1,0.001
2026-10-10 12:51:47.041406,0,0.0
2026-10-10 12:51:47.856952,0,0.0
2026-10-10 12:51:48.463398,1,0.001
2026-10-10 12:51:49.075583,2,0.002
2026-10-10 12:51:49.883718,0,0.0
2026-10-10 12:51:50.491388,0,0.0
2026-10-10 12:51:51.303972,0,0.0
2026-10-10 12:51:51.915189,1,0.001
2026-10-10 12:51:52.728069,0,0.0
2026-10-10 12:51:53.343576,0,0.0
2026-10-10 12:51:54.157797,0,0.0
2026-10-10 12:51:54.771059,1,0.001
2026-10-10 12:51:55.584832,1,0.001
2026-10-10 12:51:56.196324,1,0.001
2026-10-10 12:51:56.809853,0,0.0
2026-10-10 12:51:57.626885,1,0.001
2026-10-10 12:51:58.239920,1,0.001
2026-10-10 12:51:59.056357,1,0.001
2026-10-10 12:51:59.666152,1,0.001
2026-10-10 12:52:00.481307,1,0.001
2026-10-10 12:52:01.091910,0,0.0
2026-10-10 12:52:01.702543,0,0.0
2026-10-10 12:52:02.521362,1,0.001
2026-10-10 12:52:03.131514,1,0.001
2026-10-10 12:52:03.948037,0,0.0
2026-10-10 12:52:04.556439,2,0.002
2026-10-10 12:52:05.377538,0,0.0
2026-10-10 12:52:05.986914,1,0.001
2026-10-10 12:52:06.801998,0,0.0
2026-10-10 12:52:07.413450,1,0.001
2026-10-10 12:52:08.025746,1,0.001
2026-10-10 12:52:08.841298,1,0.001
2026-10-10 12:52:09.455453,0,0.0
2026-10-10 12:52:10.273749,1,0.001
2026-10-10 12:52:10.885357,1,0.001
2026-10-10 12:52:11.699310,0,0.0
2026-10-10 12:52:12.310013,0,0.0
2026-10-10 12:52:13.120877,1,0.001
2026-10-10 12:52:13.729666,1,0.001
2026-10-10 12:52:14.341368,1,0.001
2026-10-10 12:52:15.154879,1,0.001
2026-10-10 12:52:15.768270,1,0.001
2026-10-10 12:52:16.585042,1,0.001
2026-10-10 12:52:17.193946,0,0.0
2026-10-10 12:52:18.009271,0,0.0
2026-10-10 12:52:18.623628,2,0.002
2026-10-10 12:52:19.437651,1,0.001
2026-10-10 12:52:20.049288,0,0.0
2026-10-10 12:52:20.658801,0,0.0
2026-10-10 12:52:21.474076,0,0.0
2026-10-10 12:52:22.085341,1,0.001
2026-10-10 12:52:22.903707,1,0.001
2026-10-10 12:52:23.517356,0,0.0
2026-10-10 12:52:24.332193,0,0.0
2026-10-10 12:52:24.944835,1,0.001
2026-10-10 12:52:25.758335,1,0.001
2026-10-10 12:52:26.373041,1,0.001
2026-10-10 12:52:26.990316,0,0.0
2026-10-10 12:52:27.811891,1,0.001
2026-10-10 12:52:28.423903,0,0.0
2026-10-10 12:52:29.240398,1,0.001
2026-10-10 12:52:29.851024,1,0.001
2026-10-10 12:52:30.660628,0,0.0
2026-10-10 12:52:31.270973,1,0.001
2026-10-10 12:52:31.883271,1,0.001
2026-10-10 12:52:32.697922,1,0.001
2026-10-10 12:52:33.308171,0,0.0
2026-10-10 12:52:34.120663,0,0.0
2026-10-10 12:52:34.729331,1,0.001
2026-10-10 12:52:35.538873,1,0.001
2026-10-10 12:52:36.152707,1,0.001
2026-10-10 12:52:36.967960,0,0.0
2026-10-10 12:52:37.580808,0,0.0
2026-10-10 12:52:38.192172,1,0.001
2026-10-10 12:52:39.011244,0,0.0
2026-10-10 12:52:39.623000,1,0.001
2026-10-10 12:52:40.435636,1,0.001
2026-10-10 12:52:41.045040,1,0.001
2026-10-10 12:52:41.856967,0,0.0
2026-10-10 12:52:42.466651,0,0.0
2026-10-10 12:52:43.279902,0,0.0
2026-10-10 12:52:43.892354,0,0.0
2026-10-10 12:52:44.502754,0,0.0
2026-10-10 12:52:45.313122,0,0.0
2026-10-10 12:52:45.925546,1,0.001
2026-10-10 12:52:46.738488,0,0.0
2026-10-10 12:52:47.345875,1,0.001
2026-10-10 12:52:48.156234,0,0.0
2026-10-10 12:52:48.767978,1,0.001
2026-10-10 12:52:49.577209,0,0.0
2026-10-10 12:52:50.184747,1,0.001
2026-10-10 12:52:50.995113,1,0.001
2026-10-10 12:52:51.608153,0,0.0
2026-10-10 12:52:52.217267,0,0.0
2026-10-10 12:52:53.032664,0,0.0
2026-10-10 12:52:53.645651,1,0.001
2026-10-10 12:52:54.459253,1,0.001
2026-10-10 12:52:55.070148,2,0.002
2026-10-10 12:52:55.882650,1,0.001
2026-10-10 12:52:56.492005,1,0.001
2026-10-10 12:52:57.299806,0,0.0
2026-10-10 12:52:57.911362,1,0.001
2026-10-10 12:52:58.722591,0,0.0
2026-10-10 12:52:59.331674,0,0.0
2026-10-10 12:52:59.944188,1,0.001
2026-10-10 12:53:00.757567,0,0.0
2026-10-10 12:53:01.366432,0,0.0
2026-10-10 12:53:02.183025,1,0.001
2026-10-10 12:53:02.791192,0,0.0
2026-10-10 12:53:03.607490,1,0.001
2026-10-10 12:53:04.218029,0,0.0
2026-10-10 12:53:05.032276,0,0.0
2026-10-10 12:53:05.645240,0,0.0
2026-10-10 12:53:06.257093,1,0.001
2026-10-10 12:53:07.073471,1,0.001
2026-10-10 12:53:07.680838,1,0.001
2026-10-10 12:53:08.498333,1,0.001
2026-10-10 12:53:09.115531,1,0.001
2026-10-10 12:53:09.931963,1,0.001
2026-10-10 12:53:10.552225,0,0.0
2026-10-10 12:53:11.364489,0,0.0
2026-10-10 12:53:11.976050,0,0.0
2026-10-10 12:53:12.590912,0,0.0
2026-10-10 12:53:13.403569,1,0.001
2026-10-10 12:53:14.020069,1,0.001
2026-10-10 12:53:14.826928,0,0.0
2026-10-10 12:53:15.433522,0,0.0
2026-10-10 12:53:16.245061,0,0.0
2026-10-10 12:53:16.854778,1,0.001
2026-10-10 12:53:17.665119,0,0.0
2026-10-10 12:53:18.275960,1,0.001
2026-10-10 12:53:18.884723,0,0.0
2026-10-10 12:53:19.692381,1,0.001
2026-10-10 12:53:20.303546,1,0.001
2026-10-10 12:53:21.117827,0,0.0
2026-10-10 12:53:21.724934,0,0.0
2026-10-10 12:53:22.534825,1,0.001
2026-10-10 12:53:23.143886,1,0.001
2026-10-10 12:53:23.952525,1,0.001
2026-10-10 12:53:24.560525,2,0.002
2026-10-10 12:53:25.372661,0,0.0
2026-10-10 12:53:25.982006,1,0.001
2026-10-10 12:53:26.596815,0,0.0
2026-10-10 12:53:27.417329,1,0.001
2026-10-10 12:53:28.021563,1,0.001
2026-10-10 12:53:28.833273,2,0.002
2026-10-10 12:53:29.438248,2,0.002
2026-10-10 12:53:30.245216,1,0.001
2026-10-10 12:53:30.853286,1,0.001
2026-10-10 12:53:31.665790,0,0.0
2026-10-10 12:53:32.268960,0,0.0
2026-10-10 12:53:33.090809,1,0.001
2026-10-10 12:53:33.700340,1,0.001
2026-10-10 12:53:34.320637,0,0.0
2026-10-10 12:53:35.130909,1,0.001
2026-10-10 12:53:35.738779,1,0.001
2026-10-10 12:53:36.549815,0,0.0
2026-10-10 12:53:37.162681,1,0.001
2026-10-10 12:53:37.969756,1,0.001
2026-10-10 12:53:38.575713,0,0.0
2026-10-10 12:53:39.388502,1,0.001
2026-10-10 12:53:39.994551,1,0.001
2026-10-10 12:53:40.803487,1,0.001
2026-10-10 12:53:41.411975,1,0.001
2026-10-10 12:53:42.229523,1,0.001
2026-10-10 12:53:42.835752,1,0.001
2026-10-10 12:53:43.441298,1,0.001
2026-10-10 12:53:44.256095,0,0.0
2026-10-10 12:53:44.863441,1,0.001
2026-10-10 12:53:45.669147,1,0.001
2026-10-10 12:53:46.278283,1,0.001
2026-10-10 12:53:47.096189,0,0.0
2026-10-10 12:53:47.701799,1,0.001
2026-10-10 12:53:48.514876,0,0.0
2026-10-10 12:53:49.120013,0,0.0
2026-10-10 12:53:49.935345,0,0.0
2026-10-10 12:53:50.541527,0,0.0
2026-10-10 12:53:51.149628,1,0.001
2026-10-10 12:53:51.962729,0,0.0
2026-10-10 12:53:52.571308,1,0.001
2026-10-10 12:53:53.382187,0,0.0
2026-10-10 12:53:53.988182,1,0.001
2026-10-10 12:53:54.794889,1,0.001
2026-10-10 12:53:55.402188,0,0.0
2026-10-10 12:53:56.211821,0,0.0
2026-10-10 12:53:56.818916,0,0.0
2026-10-10 12:53:57.629935,1,0.001
2026-10-10 12:53:58.238765,0,0.0
2026-10-10 12:53:59.045410,1,0.001
2026-10-10 12:53:59.652320,1,0.001
2026-10-10 12:54:00.459814,1,0.001
2026-10-10 12:54:01.065870,0,0.0
2026-10-10 12:54:01.673077,1,0.001
2026-10-10 12:54:02.485043,1,0.001
2026-10-10 12:54:03.090226,0,0.0
2026-10-10 12:54:03.900680,0,0.0
2026-10-10 12:54:04.507174,0,0.0
2026-10-10 12:54:05.314452,0,0.0
2026-10-10 12:54:05.920486,1,0.001
2026-10-10 12:54:06.725852,0,0.0
2026-10-10 12:54:07.331031,2,0.002
2026-10-10 12:54:08.143674,1,0.001
2026-10-10 12:54:08.749693,2,0.002
2026-10-10 12:54:09.562751,1,0.001
2026-10-10 12:54:10.171666,0,0.0
2026-10-10 12:54:10.979084,0,0.0
2026-10-10 12:54:11.581572,0,0.0
2026-10-10 12:54:12.391289,2,0.002
2026-10-10 12:54:13.005017,1,0.001
2026-10-10 12:54:13.615913,1,0.001
2026-10-10 12:54:14.422682,1,0.001
2026-10-10 12:54:15.027654,0,0.0
2026-10-10 12:54:15.837681,0,0.0
2026-10-10 12:54:16.449212,1,0.001
2026-10-10 12:54:17.259120,1,0.001
2026-10-10 12:54:17.869709,1,0.001
2026-10-10 12:54:18.677267,1,0.001
2026-10-10 12:54:19.284662,1,0.001
2026-10-10 12:54:20.091325,1,0.001
2026-10-10 12:54:20.697275,0,0.0
2026-10-10 12:54:21.510450,0,0.0
2026-10-10 12:54:22.124184,0,0.0
2026-10-10 12:54:22.729500,0,0.0
2026-10-10 12:54:23.542080,1,0.001
2026-10-10 12:54:24.147931,0,0.0
2026-10-10 12:54:24.970377,1,0.001
2026-10-10 12:54:25.576820,0,0.0
2026-10-10 12:54:26.387110,1,0.001
2026-10-10 12:54:26.992970,2,0.002
2026-10-10 12:54:27.799586,0,0.0
2026-10-10 12:54:28.408811,1,0.001
2026-10-10 12:54:29.217034,0,0.0
2026-10-10 12:54:29.828424,0,0.0
2026-10-10 12:54:30.636054,1,0.001
2026-10-10 12:54:31.241995,0,0.0
2026-10-10 12:54:31.852199,0,0.0
2026-10-10 12:54:32.666166,0,0.0
2026-10-10 12:54:33.274831,0,0.0
2026-10-10 12:54:34.086859,1,0.001
2026-10-10 12:54:34.694776,0,0.0
2026-10-10 12:54:35.504921,0,0.0
2026-10-10 12:54:36.114055,1,0.001
2026-10-10 12:54:36.922506,1,0.001
2026-10-10 12:54:37.529650,1,0.001
2026-10-10 12:54:38.337565,1,0.001
2026-10-10 12:54:38.948073,0,0.0
2026-10-10 12:54:39.756911,0,0.0
2026-10-10 12:54:40.365597,2,0.002
2026-10-10 12:54:41.172903,0,0.0
2026-10-10 12:54:41.780049,1,0.001
2026-10-10 12:54:42.387295,165,0.133
2026-10-10 12:54:43.191565,400,0.322
2026-10-10 12:54:43.802362,381,0.307
2026-10-10 12:54:44.607447,676,0.545
2026-10-10 12:54:45.214471,1049,0.845
2026-10-10 12:54:46.022011,1256,1.012
2026-10-10 12:54:46.628376,1271,1.024
2026-10-10 12:54:47.437710,1678,1.352
2026-10-10 12:54:48.045047,2012,1.621
2026-10-10 12:54:48.858955,2149,1.732
2026-10-10 12:54:49.464406,2168,1.747
2026-10-10 12:54:50.273922,2603,2.098
2026-10-10 12:54:50.881650,2933,2.364
2026-10-10 12:54:51.691103,2946,2.374
2026-10-10 12:54:52.298801,3599,2.9
2026-10-10 12:54:53.106298,3739,3.013
2026-10-10 12:54:53.716479,3849,3.102
2026-10-10 12:54:54.526072,4095,3.3
2026-10-10 12:54:55.131190,4095,3.3
2026-10-10 12:54:55.940582,4095,3.3
2026-10-10 12:54:56.546765,4095,3.3
2026-10-10 12:54:57.351280,4093,3.298
2026-10-10 12:54:57.959758,4095,3.3
2026-10-10 12:54:58.773748,4093,3.298
2026-10-10 12:54:59.378081,4093,3.298
2026-10-10 12:55:00.187084,4095,3.3
2026-10-10 12:55:00.795963,4093,3.298
2026-10-10 12:55:01.406634,4093,3.298
2026-10-10 12:55:02.228750,4093,3.298
2026-10-10 12:55:02.834364,4093,3.298
2026-10-10 12:55:03.647069,4093,3.298
2026-10-10 12:55:04.259753,4093,3.298
2026-10-10 12:55:05.071544,4093,3.298
2026-10-10 12:55:05.679410,4095,3.3
2026-10-10 12:55:06.489865,4094,3.299
2026-10-10 12:55:07.095873,4095,3.3
2026-10-10 12:55:07.906530,4094,3.299
2026-10-10 12:55:08.515148,4094,3.299
2026-10-10 12:55:09.325460,4093,3.298
2026-10-10 12:55:09.934128,4095,3.3
2026-10-10 12:55:10.751387,4094,3.299
2026-10-10 12:55:11.368142,4095,3.3
2026-10-10 12:55:11.977341,4093,3.298
2026-10-10 12:55:12.787689,4093,3.298
2026-10-10 12:55:13.395178,4093,3.298
2026-10-10 12:55:14.199383,4095,3.3
2026-10-10 12:55:14.812748,4093,3.298
2026-10-10 12:55:15.623820,4093,3.298
2026-10-10 12:55:16.231965,4091,3.297
2026-10-10 12:55:17.039081,4093,3.298
2026-10-10 12:55:17.644083,4093,3.298
2026-10-10 12:55:18.457252,4093,3.298
2026-10-10 12:55:19.063772,4094,3.299
2026-10-10 12:55:19.876022,4093,3.298
2026-10-10 12:55:20.485023,4093,3.298
2026-10-10 12:55:21.292630,4095,3.3
2026-10-10 12:55:21.900111,4093,3.298
2026-10-10 12:55:22.709431,4093,3.298
2026-10-10 12:55:23.318515,4094,3.299
2026-10-10 12:55:24.132263,4093,3.298
2026-10-10 12:55:24.741651,4093,3.298
2026-10-10 12:55:25.549721,4095,3.3
2026-10-10 12:55:26.157644,4095,3.3
2026-10-10 12:55:26.768697,4093,3.298
2026-10-10 12:55:27.584387,4087,3.294
2026-10-10 12:55:28.198697,4095,3.3
2026-10-10 12:55:29.010016,4094,3.299
2026-10-10 12:55:29.619346,4093,3.298
2026-10-10 12:55:30.433124,4095,3.3
2026-10-10 12:55:31.040611,4095,3.3
2026-10-10 12:55:31.852972,4091,3.297
2026-10-10 12:55:32.459816,4093,3.298
2026-10-10 12:55:33.268755,4093,3.298
2026-10-10 12:55:33.874217,4093,3.298
2026-10-10 12:55:34.685634,4093,3.298
2026-10-10 12:55:35.295556,4093,3.298
2026-10-10 12:55:36.106790,4093,3.298
2026-10-10 12:55:36.714370,4091,3.297
2026-10-10 12:55:37.524685,4093,3.298
2026-10-10 12:55:38.133536,4093,3.298
2026-10-10 12:55:38.744933,4093,3.298
2026-10-10 12:55:39.571535,4093,3.298
2026-10-10 12:55:40.179919,4093,3.298
2026-10-10 12:55:40.993746,4093,3.298
2026-10-10 12:55:41.601898,4093,3.298
2026-10-10 12:55:42.409817,4093,3.298
2026-10-10 12:55:43.018329,4093,3.298
2026-10-10 12:55:43.828556,4094,3.299
2026-10-10 12:55:44.434995,4093,3.298
2026-10-10 12:55:45.245337,4093,3.298
2026-10-10 12:55:45.859137,4095,3.3
2026-10-10 12:55:46.667178,4095,3.3
2026-10-10 12:55:47.275978,4093,3.298
2026-10-10 12:55:48.098554,4093,3.298
2026-10-10 12:55:48.703625,4093,3.298
2026-10-10 12:55:49.509716,4094,3.299
2026-10-10 12:55:50.115819,4093,3.298
2026-10-10 12:55:50.726464,4095,3.3
2026-10-10 12:55:51.535992,4095,3.3
2026-10-10 12:55:52.143954,4093,3.298
2026-10-10 12:55:52.950855,4093,3.298
2026-10-10 12:55:53.555227,4093,3.298
2026-10-10 12:55:54.367502,4093,3.298
2026-10-10 12:55:54.970258,4093,3.298
2026-10-10 12:55:55.777947,4093,3.298
2026-10-10 12:55:56.385928,4093,3.298
2026-10-10 12:55:57.192799,4093,3.298
2026-10-10 12:55:57.803517,4094,3.299
2026-10-10 12:55:58.614409,4093,3.298
2026-10-10 12:55:59.220047,4093,3.298
2026-10-10 12:56:00.029233,4093,3.298
2026-10-10 12:56:00.638764,4093,3.298
2026-10-10 12:56:01.453415,4094,3.299
2026-10-10 12:56:02.058292,4093,3.298
2026-10-10 12:56:02.879858,4092,3.298
2026-10-10 12:56:03.486373,4095,3.3
2026-10-10 12:56:04.299803,4093,3.298
2026-10-10 12:56:04.905709,4093,3.298
2026-10-10 12:56:05.715990,4093,3.298
2026-10-10 12:56:06.327832,4093,3.298
2026-10-10 12:56:06.937167,4093,3.298
2026-10-10 12:56:07.746628,4093,3.298
2026-10-10 12:56:08.352183,4093,3.298
2026-10-10 12:56:09.162965,4093,3.298
2026-10-10 12:56:09.769971,4093,3.298
2026-10-10 12:56:10.575598,4093,3.298
2026-10-10 12:56:11.199403,4095,3.3
2026-10-10 12:56:12.010307,4093,3.298
2026-10-10 12:56:12.617770,4093,3.298
2026-10-10 12:56:13.429596,4093,3.298
2026-10-10 12:56:14.040691,4093,3.298
2026-10-10 12:56:14.852826,4093,3.298
2026-10-10 12:56:15.459956,4093,3.298
2026-10-10 12:56:16.271375,4095,3.3
2026-10-10 12:56:16.881118,4094,3.299
2026-10-10 12:56:17.692332,4093,3.298
2026-10-10 12:56:18.300248,4093,3.298
2026-10-10 12:56:18.913014,4093,3.298
2026-10-10 12:56:19.720718,4093,3.298
2026-10-10 12:56:20.337187,4093,3.298
2026-10-10 12:56:21.150014,4093,3.298
2026-10-10 12:56:21.755495,4093,3.298
2026-10-10 12:56:22.566626,4093,3.298
2026-10-10 12:56:23.173714,4094,3.299
2026-10-10 12:56:23.984540,4093,3.298
2026-10-10 12:56:24.594155,4095,3.3
2026-10-10 12:56:25.404794,4093,3.298
2026-10-10 12:56:26.013778,4093,3.298
2026-10-10 12:56:26.823626,4095,3.3
2026-10-10 12:56:27.434623,4093,3.298
2026-10-10 12:56:28.244064,4093,3.298
2026-10-10 12:56:28.853149,4093,3.298
2026-10-10 12:56:29.664827,4093,3.298
2026-10-10 12:56:30.273274,4095,3.3
2026-10-10 12:56:30.885576,4093,3.298
2026-10-10 12:56:31.698088,4094,3.299
2026-10-10 12:56:32.303801,4094,3.299
2026-10-10 12:56:33.118754,4093,3.298
2026-10-10 12:56:33.731764,4093,3.298
2026-10-10 12:56:34.544528,4093,3.298
2026-10-10 12:56:35.150232,4095,3.3
2026-10-10 12:56:35.957477,4095,3.3
2026-10-10 12:56:36.564455,4093,3.298
2026-10-10 12:56:37.377982,4094,3.299
2026-10-10 12:56:37.985837,4093,3.298
2026-10-10 12:56:38.796918,4095,3.3
2026-10-10 12:56:39.406432,4093,3.298
2026-10-10 12:56:40.220411,4091,3.297
2026-10-10 12:56:40.845535,4093,3.298
2026-10-10 12:56:41.454050,4093,3.298
2026-10-10 12:56:42.265885,4093,3.298
2026-10-10 12:56:42.871136,4095,3.3
2026-10-10 12:56:43.684542,4093,3.298
2026-10-10 12:56:44.295780,4093,3.298
2026-10-10 12:56:45.108962,4093,3.298
2026-10-10 12:56:45.715548,4093,3.298
2026-10-10 12:56:46.525844,4093,3.298
2026-10-10 12:56:47.134279,4095,3.3
2026-10-10 12:56:47.941715,4093,3.298
2026-10-10 12:56:48.548862,4095,3.3
2026-10-10 12:56:49.358930,4093,3.298
2026-10-10 12:56:49.979652,4093,3.298
2026-10-10 12:56:50.787495,4093,3.298
2026-10-10 12:56:51.410538,4095,3.3
2026-10-10 12:56:52.021551,4093,3.298
2026-10-10 12:56:52.838594,4093,3.298
2026-10-10 12:56:53.448062,4093,3.298
2026-10-10 12:56:54.255282,4093,3.298
2026-10-10 12:56:54.874664,4093,3.298
2026-10-10 12:56:55.685334,4093,3.298
2026-10-10 12:56:56.291569,4093,3.298
2026-10-10 12:56:57.098750,4093,3.298
2026-10-10 12:56:57.705553,4093,3.298
2026-10-10 12:56:58.517114,4093,3.298
2026-10-10 12:56:59.126800,4093,3.298
2026-10-10 12:56:59.935427,4093,3.298
2026-10-10 12:57:00.541124,4093,3.298
2026-10-10 12:57:01.354577,4094,3.299
2026-10-10 12:57:01.962763,4094,3.299
2026-10-10 12:57:02.777366,4093,3.298
2026-10-10 12:57:03.385659,4093,3.298
2026-10-10 12:57:04.197471,4093,3.298
2026-10-10 12:57:04.803188,4093,3.298
2026-10-10 12:57:05.415779,4093,3.298
2026-10-10 12:57:06.226145,4095,3.3
2026-10-10 12:57:06.835492,4094,3.299
2026-10-10 12:57:07.647931,4093,3.298
2026-10-10 12:57:08.257302,4093,3.298
2026-10-10 12:57:09.069765,4095,3.3
2026-10-10 12:57:09.676582,4093,3.298
2026-10-10 12:57:10.486804,4093,3.298
2026-10-10 12:57:11.096770,4093,3.298
2026-10-10 12:57:11.900967,4093,3.298
2026-10-10 12:57:12.507715,4093,3.298
2026-10-10 12:57:13.318844,4093,3.298
2026-10-10 12:57:13.927984,4094,3.299
2026-10-10 12:57:14.740584,4093,3.298
2026-10-10 12:57:15.349231,4093,3.298
2026-10-10 12:57:16.160819,4093,3.298
2026-10-10 12:57:16.769761,4093,3.298
2026-10-10 12:57:17.581094,4093,3.298
2026-10-10 12:57:18.191679,4093,3.298
2026-10-10 12:57:18.801534,4093,3.298
2026-10-10 12:57:19.625486,4095,3.3
2026-10-10 12:57:20.236975,4093,3.298
2026-10-10 12:57:21.044347,4095,3.3
2026-10-10 12:57:21.652407,4094,3.299
2026-10-10 12:57:22.465517,4093,3.298
2026-10-10 12:57:23.074322,4093,3.298
2026-10-10 12:57:23.890867,4093,3.298
2026-10-10 12:57:24.496908,4095,3.3
2026-10-10 12:57:25.318402,4093,3.298
2026-10-10 12:57:25.927129,4095,3.3
2026-10-10 12:57:26.736214,4094,3.299
2026-10-10 12:57:27.344898,4093,3.298
2026-10-10 12:57:28.151276,4093,3.298
2026-10-10 12:57:28.759439,4093,3.298
2026-10-10 12:57:29.371016,4093,3.298
2026-10-10 12:57:30.197351,4093,3.298
2026-10-10 12:57:30.807713,4093,3.298
2026-10-10 12:57:31.613390,4093,3.298
2026-10-10 12:57:32.220660,4094,3.299
2026-10-10 12:57:33.031134,4093,3.298
2026-10-10 12:57:33.642035,4093,3.298
2026-10-10 12:57:34.445571,4094,3.299
2026-10-10 12:57:35.054192,4094,3.299
2026-10-10 12:57:35.862488,4094,3.299
2026-10-10 12:57:36.471339,4093,3.298
2026-10-10 12:57:37.282264,4093,3.298
2026-10-10 12:57:37.889472,4093,3.298
2026-10-10 12:57:38.702486,4093,3.298
2026-10-10 12:57:39.311750,4093,3.298
2026-10-10 12:57:40.123699,4093,3.298
2026-10-10 12:57:40.729813,4095,3.3
2026-10-10 12:57:41.540704,4094,3.299
2026-10-10 12:57:42.145240,4093,3.298
2026-10-10 12:57:42.754788,4095,3.3
2026-10-10 12:57:43.566800,4093,3.298
2026-10-10 12:57:44.176820,4093,3.298
2026-10-10 12:57:44.985780,4093,3.298
2026-10-10 12:57:45.592124,4095,3.3
2026-10-10 12:57:46.402191,4093,3.298
2026-10-10 12:57:47.010481,4093,3.298
2026-10-10 12:57:47.820308,4093,3.298
2026-10-10 12:57:48.427990,4093,3.298
2026-10-10 12:57:49.238043,4094,3.299
2026-10-10 12:57:49.844145,4093,3.298
2026-10-10 12:57:50.652868,4093,3.298
2026-10-10 12:57:51.261020,4093,3.298
2026-10-10 12:57:52.064748,4094,3.299
2026-10-10 12:57:52.689093,4093,3.298
2026-10-10 12:57:53.496029,4093,3.298
2026-10-10 12:57:54.107176,4094,3.299
2026-10-10 12:57:54.919655,4093,3.298
2026-10-10 12:57:55.529711,4093,3.298
2026-10-10 12:57:56.136709,4093,3.298
2026-10-10 12:57:56.945555,4093,3.298
2026-10-10 12:57:57.549572,4093,3.298
2026-10-10 12:57:58.356132,4091,3.297
2026-10-10 12:57:58.964999,4093,3.298
2026-10-10 12:57:59.775515,4091,3.297
2026-10-10 12:58:00.382166,4093,3.298
2026-10-10 12:58:01.189652,4093,3.298
2026-10-10 12:58:01.795535,4093,3.298
2026-10-10 12:58:02.608738,4093,3.298
2026-10-10 12:58:03.221103,4093,3.298
2026-10-10 12:58:04.040650,4093,3.298
2026-10-10 12:58:04.646389,4093,3.298
2026-10-10 12:58:05.458312,4094,3.299
2026-10-10 12:58:06.064014,4095,3.3
2026-10-10 12:58:06.875540,4093,3.298
2026-10-10 12:58:07.481709,4093,3.298
2026-10-10 12:58:08.291157,4093,3.298
2026-10-10 12:58:08.898670,4093,3.298
2026-10-10 12:58:09.709059,4093,3.298
2026-10-10 12:58:10.316002,4093,3.298
2026-10-10 12:58:10.921981,4093,3.298
2026-10-10 12:58:11.745278,4093,3.298
2026-10-10 12:58:12.354880,4093,3.298
2026-10-10 12:58:13.163464,4093,3.298
2026-10-10 12:58:13.775552,4094,3.299
2026-10-10 12:58:14.585212,4093,3.298
2026-10-10 12:58:15.194469,4093,3.298
2026-10-10 12:58:16.004273,4093,3.298
2026-10-10 12:58:16.611344,4095,3.3
2026-10-10 12:58:17.420440,4093,3.298
2026-10-10 12:58:18.025279,4093,3.298
2026-10-10 12:58:18.835653,4093,3.298
2026-10-10 12:58:19.443273,4093,3.298
2026-10-10 12:58:20.253481,4093,3.298
2026-10-10 12:58:20.859907,4093,3.298
2026-10-10 12:58:21.668801,4093,3.298
2026-10-10 12:58:22.275781,4093,3.298
2026-10-10 12:58:23.085635,4093,3.298
2026-10-10 12:58:23.692174,4095,3.3
2026-10-10 12:58:24.297995,4093,3.298
2026-10-10 12:58:25.111909,4093,3.298
2026-10-10 12:58:25.721100,4094,3.299
2026-10-10 12:58:26.531596,4093,3.298
2026-10-10 12:58:27.140258,4094,3.299
2026-10-10 12:58:27.965126,4093,3.298
2026-10-10 12:58:28.572363,4093,3.298
2026-10-10 12:58:29.382861,4093,3.298
2026-10-10 12:58:29.990442,4091,3.297
2026-10-10 12:58:30.799199,4093,3.298
2026-10-10 12:58:31.405893,4092,3.298
2026-10-10 12:58:32.216483,4095,3.3
2026-10-10 12:58:32.824155,4095,3.3
2026-10-10 12:58:33.633860,4094,3.299
2026-10-10 12:58:34.243717,4095,3.3
2026-10-10 12:58:34.864094,4093,3.298
2026-10-10 12:58:35.681812,4093,3.298
2026-10-10 12:58:36.303775,4095,3.3
2026-10-10 12:58:37.111892,4093,3.298
2026-10-10 12:58:37.717131,4093,3.298
2026-10-10 12:58:38.532229,4093,3.298
2026-10-10 12:58:39.142931,4093,3.298
2026-10-10 12:58:39.951828,4095,3.3
2026-10-10 12:58:40.559422,4093,3.298
2026-10-10 12:58:41.371220,4093,3.298
2026-10-10 12:58:41.978899,4094,3.299
2026-10-10 12:58:42.790034,4093,3.298
2026-10-10 12:58:43.401557,4093,3.298
2026-10-10 12:58:44.008693,4095,3.3
2026-10-10 12:58:44.816373,4093,3.298
2026-10-10 12:58:45.436046,4093,3.298
2026-10-10 12:58:46.248097,4094,3.299
2026-10-10 12:58:46.854700,4093,3.298
2026-10-10 12:58:47.664695,4091,3.297
2026-10-10 12:58:48.278167,4093,3.298
2026-10-10 12:58:49.085608,4093,3.298
2026-10-10 12:58:49.692310,4093,3.298
2026-10-10 12:58:50.503818,4093,3.298
2026-10-10 12:58:51.116599,4094,3.299
2026-10-10 12:58:51.920145,4093,3.298
2026-10-10 12:58:52.525143,4093,3.298
2026-10-10 12:58:53.336242,4093,3.298
2026-10-10 12:58:53.944764,4093,3.298
2026-10-10 12:58:54.754846,4093,3.298
2026-10-10 12:58:55.365851,4093,3.298
2026-10-10 12:58:55.973932,4095,3.3
2026-10-10 12:58:56.781109,4093,3.298
2026-10-10 12:58:57.388418,4094,3.299
2026-10-10 12:58:58.203558,4093,3.298
2026-10-10 12:58:58.810184,4094,3.299
2026-10-10 12:58:59.619005,4094,3.299
2026-10-10 12:59:00.228939,4093,3.298
2026-10-10 12:59:01.043149,4093,3.298
2026-10-10 12:59:01.648737,4093,3.298
2026-10-10 12:59:02.458317,4093,3.298
2026-10-10 12:59:03.065605,4095,3.3
2026-10-10 12:59:03.874999,4093,3.298
2026-10-10 12:59:04.481472,4093,3.298
2026-10-10 12:59:05.292331,4094,3.299
2026-10-10 12:59:05.896688,4095,3.3
2026-10-10 12:59:06.708099,4095,3.3
2026-10-10 12:59:07.316570,4093,3.298
2026-10-10 12:59:08.129758,4093,3.298
2026-10-10 12:59:08.737224,4092,3.298
2026-10-10 12:59:09.355459,4093,3.298
2026-10-10 12:59:10.168387,4093,3.298
2026-10-10 12:59:10.775926,4094,3.299
2026-10-10 12:59:11.586482,4093,3.298
2026-10-10 12:59:12.195417,4095,3.3
2026-10-10 12:59:13.006409,4095,3.3
2026-10-10 12:59:13.612187,4095,3.3
2026-10-10 12:59:14.419927,4095,3.3
2026-10-10 12:59:15.027201,4093,3.298
2026-10-10 12:59:15.836220,4094,3.299
2026-10-10 12:59:16.446079,4093,3.298
2026-10-10 12:59:17.254821,4093,3.298
2026-10-10 12:59:17.863951,4095,3.3
2026-10-10 12:59:18.674521,4093,3.298
2026-10-10 12:59:19.281463,4093,3.298
2026-10-10 12:59:20.090919,4093,3.298
2026-10-10 12:59:20.702834,4093,3.298
2026-10-10 12:59:21.311418,4095,3.3
2026-10-10 12:59:22.124079,4093,3.298
2026-10-10 12:59:22.731736,4093,3.298
2026-10-10 12:59:23.540664,4095,3.3
2026-10-10 12:59:24.148234,4094,3.299
2026-10-10 12:59:24.956058,4093,3.298
2026-10-10 12:59:25.564900,4093,3.298
2026-10-10 12:59:26.370625,4093,3.298
2026-10-10 12:59:26.977576,4093,3.298
2026-10-10 12:59:27.792409,4095,3.3
2026-10-10 12:59:28.403140,4093,3.298
2026-10-10 12:59:29.215021,4093,3.298
2026-10-10 12:59:29.821610,4095,3.3
2026-10-10 12:59:30.635113,4093,3.298
2026-10-10 12:59:31.242630,4087,3.294
2026-10-10 12:59:32.054491,4093,3.298
2026-10-10 12:59:32.661953,4095,3.3
2026-10-10 12:59:33.274586,4093,3.298
2026-10-10 12:59:34.092940,4094,3.299
2026-10-10 12:59:34.700302,4093,3.298
2026-10-10 12:59:35.512349,4093,3.298
2026-10-10 12:59:36.115549,4095,3.3
2026-10-10 12:59:36.924742,4093,3.298
2026-10-10 12:59:37.533838,4095,3.3
2026-10-10 12:59:38.358468,4093,3.298
2026-10-10 12:59:38.966102,4095,3.3
2026-10-10 12:59:39.773824,4093,3.298
2026-10-10 12:59:40.381439,4095,3.3
2026-10-10 12:59:41.198695,4095,3.3
2026-10-10 12:59:41.807532,4093,3.298
2026-10-10 12:59:42.418953,4094,3.299
2026-10-10 12:59:43.238301,4095,3.3
2026-10-10 12:59:43.845939,4095,3.3
2026-10-10 12:59:44.668822,4093,3.298
2026-10-10 12:59:45.278062,4093,3.298
2026-10-10 12:59:46.088605,4093,3.298
2026-10-10 12:59:46.696395,4093,3.298
2026-10-10 12:59:47.511498,4093,3.298
2026-10-10 12:59:48.114398,4093,3.298
2026-10-10 12:59:48.921323,4093,3.298
2026-10-10 12:59:49.526905,4095,3.3
2026-10-10 12:59:50.334198,4095,3.3
2026-10-10 12:59:50.941232,4094,3.299
2026-10-10 12:59:51.752077,4095,3.3
2026-10-10 12:59:52.358490,4094,3.299
2026-10-10 12:59:52.970498,4095,3.3
2026-10-10 12:59:53.788910,4093,3.298
2026-10-10 12:59:54.397185,4095,3.3
2026-10-10 12:59:55.206498,4093,3.298
2026-10-10 12:59:55.814334,4093,3.298
2026-10-10 12:59:56.623985,4095,3.3
2026-10-10 12:59:57.242478,4093,3.298
2026-10-10 12:59:58.050839,4093,3.298
2026-10-10 12:59:58.659226,4095,3.3
2026-10-10 12:59:59.468997,4093,3.298
2026-10-10 13:00:00.075991,4093,3.298
2026-10-10 13:00:00.884944,4094,3.299
2026-10-10 13:00:01.495056,4095,3.3
2026-10-10 13:00:02.115594,4095,3.3
2026-10-10 13:00:02.940830,4093,3.298
2026-10-10 13:00:03.549371,4094,3.299
2026-10-10 13:00:04.360351,4094,3.299
2026-10-10 13:00:04.966807,4093,3.298
2026-10-10 13:00:05.776519,4093,3.298
2026-10-10 13:00:06.380834,4093,3.298
2026-10-10 13:00:07.192130,4093,3.298
2026-10-10 13:00:07.801121,4093,3.298
2026-10-10 13:00:08.615337,4093,3.298
2026-10-10 13:00:09.225125,4093,3.298
2026-10-10 13:00:10.033480,4095,3.3
2026-10-10 13:00:10.639878,4093,3.298
2026-10-10 13:00:11.450895,4093,3.298
2026-10-10 13:00:12.059990,4093,3.298
2026-10-10 13:00:12.870735,4093,3.298
2026-10-10 13:00:13.476981,4093,3.298
2026-10-10 13:00:14.085583,4094,3.299
2026-10-10 13:00:14.890899,4095,3.3
2026-10-10 13:00:15.497900,4095,3.3
2026-10-10 13:00:16.305711,4093,3.298
2026-10-10 13:00:16.911782,4095,3.3
2026-10-10 13:00:17.734411,4095,3.3
2026-10-10 13:00:18.340998,4093,3.298
2026-10-10 13:00:19.151927,4093,3.298
2026-10-10 13:00:19.757779,4093,3.298
2026-10-10 13:00:20.567372,4095,3.3
2026-10-10 13:00:21.175023,4093,3.298
2026-10-10 13:00:21.982851,4093,3.298
2026-10-10 13:00:22.600938,4094,3.299
2026-10-10 13:00:23.413986,4095,3.3
2026-10-10 13:00:24.022560,4093,3.298
2026-10-10 13:00:24.830742,4093,3.298
2026-10-10 13:00:25.437081,4094,3.299
2026-10-10 13:00:26.246157,4091,3.297
2026-10-10 13:00:26.853186,4093,3.298
2026-10-10 13:00:27.465208,4093,3.298
2026-10-10 13:00:28.275825,4095,3.3
2026-10-10 13:00:28.884711,4093,3.298
2026-10-10 13:00:29.689630,4093,3.298
2026-10-10 13:00:30.298258,4093,3.298
2026-10-10 13:00:31.107862,4093,3.298
2026-10-10 13:00:31.714736,4093,3.298
2026-10-10 13:00:32.524421,4093,3.298
2026-10-10 13:00:33.129716,4094,3.299
2026-10-10 13:00:33.943165,4094,3.299
2026-10-10 13:00:34.551527,4093,3.298
2026-10-10 13:00:35.367306,4093,3.298
2026-10-10 13:00:35.973001,4095,3.3
2026-10-10 13:00:36.797600,4093,3.298
2026-10-10 13:00:37.402594,4095,3.3
2026-10-10 13:00:38.211915,4093,3.298
2026-10-10 13:00:38.822474,4094,3.299
2026-10-10 13:00:39.433530,4095,3.3
2026-10-10 13:00:40.246485,4095,3.3
2026-10-10 13:00:40.854984,4093,3.298
2026-10-10 13:00:41.664716,4095,3.3
2026-10-10 13:00:42.271698,4094,3.299
2026-10-10 13:00:43.083801,4093,3.298
2026-10-10 13:00:43.687645,4093,3.298
2026-10-10 13:00:44.495935,4095,3.3
2026-10-10 13:00:45.105416,4095,3.3
2026-10-10 13:00:45.916542,4095,3.3
2026-10-10 13:00:46.521284,4095,3.3
2026-10-10 13:00:47.332035,4094,3.299
2026-10-10 13:00:47.943179,4093,3.298
2026-10-10 13:00:48.750704,4095,3.3
2026-10-10 13:00:49.358973,4093,3.298
2026-10-10 13:00:50.170572,4093,3.298
2026-10-10 13:00:50.776948,4095,3.3
2026-10-10 13:00:51.591150,4095,3.3
2026-10-10 13:00:52.195465,4093,3.298
2026-10-10 13:00:53.004934,4093,3.298
2026-10-10 13:00:53.615557,4095,3.3
2026-10-10 13:00:54.220719,4095,3.3
2026-10-10 13:00:55.033716,4095,3.3
2026-10-10 13:00:55.640308,4093,3.298
2026-10-10 13:00:56.450336,4093,3.298
2026-10-10 13:00:57.057653,4093,3.298
2026-10-10 13:00:57.868646,4094,3.299
2026-10-10 13:00:58.476214,4095,3.3
2026-10-10 13:00:59.286367,4093,3.298
2026-10-10 13:00:59.900826,4093,3.298
2026-10-10 13:01:00.710128,4095,3.3
2026-10-10 13:01:01.318221,4093,3.298
2026-10-10 13:01:02.131197,4095,3.3
2026-10-10 13:01:02.737387,4093,3.298
2026-10-10 13:01:03.550842,4093,3.298
2026-10-10 13:01:04.158499,4095,3.3
2026-10-10 13:01:04.968565,4093,3.298
2026-10-10 13:01:05.577468,4094,3.299
2026-10-10 13:01:06.182364,4093,3.298
2026-10-10 13:01:06.993442,4095,3.3
2026-10-10 13:01:07.599797,4093,3.298
2026-10-10 13:01:08.409002,4095,3.3
2026-10-10 13:01:09.017184,4093,3.298
2026-10-10 13:01:09.829284,4093,3.298
2026-10-10 13:01:10.437058,4095,3.3
2026-10-10 13:01:11.245353,4095,3.3
2026-10-10 13:01:11.848259,4093,3.298
2026-10-10 13:01:12.659870,4093,3.298
2026-10-10 13:01:13.265939,4094,3.299
2026-10-10 13:01:14.073914,4093,3.298
2026-10-10 13:01:14.682350,4095,3.3
2026-10-10 13:01:15.493493,4093,3.298
2026-10-10 13:01:16.100479,4093,3.298
2026-10-10 13:01:16.912632,4093,3.298
2026-10-10 13:01:17.517523,4095,3.3
2026-10-10 13:01:18.326868,4093,3.298
2026-10-10 13:01:18.934641,4093,3.298
2026-10-10 13:01:19.745004,4094,3.299
2026-10-10 13:01:20.356156,4093,3.298
2026-10-10 13:01:20.966656,4093,3.298
2026-10-10 13:01:21.791164,4093,3.298
2026-10-10 13:01:22.397192,4093,3.298
2026-10-10 13:01:23.209109,4094,3.299
2026-10-10 13:01:23.821177,4093,3.298
2026-10-10 13:01:24.632740,4093,3.298
2026-10-10 13:01:25.241313,4095,3.3
2026-10-10 13:01:26.050598,4094,3.299
2026-10-10 13:01:26.662724,4094,3.299
2026-10-10 13:01:27.476828,4093,3.298
2026-10-10 13:01:28.083078,4093,3.298
2026-10-10 13:01:28.892783,4095,3.3
2026-10-10 13:01:29.503619,4095,3.3
2026-10-10 13:01:30.314559,4095,3.3
2026-10-10 13:01:30.924600,4093,3.298
2026-10-10 13:01:31.536738,4093,3.298
2026-10-10 13:01:32.342461,4095,3.3
2026-10-10 13:01:32.950720,4093,3.298
2026-10-10 13:01:33.760598,4093,3.298
2026-10-10 13:01:34.368206,4095,3.3
2026-10-10 13:01:35.178860,4093,3.298
2026-10-10 13:01:35.788594,4093,3.298
2026-10-10 13:01:36.595474,4095,3.3
2026-10-10 13:01:37.207151,4095,3.3
2026-10-10 13:01:38.020314,4093,3.298
2026-10-10 13:01:38.629489,4093,3.298
2026-10-10 13:01:39.437822,4095,3.3
2026-10-10 13:01:40.044986,4093,3.298
2026-10-10 13:01:40.859711,4094,3.299
2026-10-10 13:01:41.469248,4095,3.3
2026-10-10 13:01:42.086472,4093,3.298
2026-10-10 13:01:42.906769,4095,3.3
2026-10-10 13:01:43.511562,4093,3.298
2026-10-10 13:01:44.323786,4093,3.298
2026-10-10 13:01:44.930287,4095,3.3
2026-10-10 13:01:45.743376,4093,3.298
2026-10-10 13:01:46.354065,4093,3.298
2026-10-10 13:01:47.163267,4093,3.298
2026-10-10 13:01:47.773730,4095,3.3
2026-10-10 13:01:48.588504,4094,3.299
2026-10-10 13:01:49.197645,4095,3.3
2026-10-10 13:01:50.006953,4093,3.298
2026-10-10 13:01:50.614509,4095,3.3
2026-10-10 13:01:51.425404,4093,3.298
2026-10-10 13:01:52.029494,4095,3.3
2026-10-10 13:01:52.839322,4093,3.298
2026-10-10 13:01:53.449354,4093,3.298
2026-10-10 13:01:54.054562,4093,3.298
2026-10-10 13:01:54.862854,4093,3.298
2026-10-10 13:01:55.471879,4094,3.299
2026-10-10 13:01:56.285347,4093,3.298
2026-10-10 13:01:56.895741,4095,3.3
2026-10-10 13:01:57.706254,4093,3.298
2026-10-10 13:01:58.314244,4095,3.3
2026-10-10 13:01:59.123796,4093,3.298
2026-10-10 13:01:59.745835,4095,3.3
2026-10-10 13:02:00.555926,4093,3.298
2026-10-10 13:02:01.164281,4094,3.299
2026-10-10 13:02:01.979910,4095,3.3
2026-10-10 13:02:02.587402,4095,3.3
2026-10-10 13:02:03.399364,4095,3.3
2026-10-10 13:02:04.009186,4094,3.299
2026-10-10 13:02:04.619950,4093,3.298
2026-10-10 13:02:05.429470,4093,3.298
2026-10-10 13:02:06.039189,4095,3.3
2026-10-10 13:02:06.855828,4093,3.298
2026-10-10 13:02:07.467970,4093,3.298
2026-10-10 13:02:08.282854,4091,3.297
2026-10-10 13:02:08.890921,4093,3.298
2026-10-10 13:02:09.702404,4094,3.299
2026-10-10 13:02:10.306783,4093,3.298
2026-10-10 13:02:11.112309,4093,3.298
2026-10-10 13:02:11.723275,4094,3.299
2026-10-10 13:02:12.530671,4095,3.3
2026-10-10 13:02:13.139934,4095,3.3
2026-10-10 13:02:13.949258,4093,3.298
2026-10-10 13:02:14.557337,4094,3.299
2026-10-10 13:02:15.368025,4095,3.3
2026-10-10 13:02:15.974373,4093,3.298
2026-10-10 13:02:16.783187,4095,3.3
2026-10-10 13:02:17.393108,4093,3.298
2026-10-10 13:02:18.000360,4093,3.298
2026-10-10 13:02:18.808631,4093,3.298
2026-10-10 13:02:19.417599,4094,3.299
2026-10-10 13:02:20.227075,4093,3.298
2026-10-10 13:02:20.838343,4094,3.299
2026-10-10 13:02:21.651900,4095,3.3
2026-10-10 13:02:22.260114,4093,3.298
2026-10-10 13:02:23.071333,4093,3.298
2026-10-10 13:02:23.678137,4093,3.298
2026-10-10 13:02:24.491020,4095,3.3
2026-10-10 13:02:25.095359,4095,3.3
2026-10-10 13:02:25.905480,4093,3.298
2026-10-10 13:02:26.514782,4095,3.3
2026-10-10 13:02:27.324512,4094,3.299
2026-10-10 13:02:27.930987,4093,3.298
2026-10-10 13:02:28.739693,4093,3.298
2026-10-10 13:02:29.347971,4093,3.298
2026-10-10 13:02:30.156002,4095,3.3
2026-10-10 13:02:30.759385,4093,3.298
2026-10-10 13:02:31.562289,4095,3.3
2026-10-10 13:02:32.170921,4095,3.3
2026-10-10 13:02:32.780588,4093,3.298
2026-10-10 13:02:33.600563,4093,3.298
2026-10-10 13:02:34.207577,4093,3.298
2026-10-10 13:02:35.018485,4093,3.298
2026-10-10 13:02:35.630845,4093,3.298
2026-10-10 13:02:36.442117,4095,3.3
2026-10-10 13:02:37.051253,4093,3.298
2026-10-10 13:02:37.863759,4093,3.298
2026-10-10 13:02:38.473478,4093,3.298
2026-10-10 13:02:39.285313,4093,3.298
2026-10-10 13:02:39.896259,4093,3.298
2026-10-10 13:02:40.708752,4092,3.298
2026-10-10 13:02:41.319343,4095,3.3
2026-10-10 13:02:41.927597,4093,3.298
2026-10-10 13:02:42.739061,4093,3.298
2026-10-10 13:02:43.345940,4093,3.298
2026-10-10 13:02:44.157499,4093,3.298
2026-10-10 13:02:44.765740,4095,3.3
2026-10-10 13:02:45.576744,4095,3.3
2026-10-10 13:02:46.186112,4093,3.298
2026-10-10 13:02:46.999218,4093,3.298
2026-10-10 13:02:47.606196,4095,3.3
2026-10-10 13:02:48.418727,4093,3.298
2026-10-10 13:02:49.027926,4093,3.298
2026-10-10 13:02:49.837899,4093,3.298
2026-10-10 13:02:50.444791,4095,3.3
2026-10-10 13:02:51.257428,4093,3.298
2026-10-10 13:02:51.865897,4094,3.299
2026-10-10 13:02:52.677822,4094,3.299
2026-10-10 13:02:53.290230,4093,3.298
2026-10-10 13:02:53.909050,4093,3.298
2026-10-10 13:02:54.716825,4093,3.298
2026-10-10 13:02:55.337778,4095,3.3
2026-10-10 13:02:56.144460,4093,3.298
2026-10-10 13:02:56.748814,4095,3.3
2026-10-10 13:02:57.556404,4095,3.3
2026-10-10 13:02:58.166590,4095,3.3
2026-10-10 13:02:58.973820,4093,3.298
2026-10-10 13:02:59.579425,4095,3.3
2026-10-10 13:03:00.388697,4093,3.298
2026-10-10 13:03:00.993270,4093,3.298
2026-10-10 13:03:01.805768,4093,3.298
2026-10-10 13:03:02.415224,4093,3.298
2026-10-10 13:03:03.225056,4093,3.298
2026-10-10 13:03:03.835233,4093,3.298
2026-10-10 13:03:04.443528,4093,3.298
2026-10-10 13:03:05.253454,4093,3.298
2026-10-10 13:03:05.873941,4094,3.299
2026-10-10 13:03:06.697533,4094,3.299
2026-10-10 13:03:07.302754,4095,3.3
2026-10-10 13:03:08.113049,4094,3.299
2026-10-10 13:03:08.721424,4093,3.298
2026-10-10 13:03:09.526812,4093,3.298
2026-10-10 13:03:10.137506,4093,3.298
2026-10-10 13:03:10.943914,4093,3.298
2026-10-10 13:03:11.552592,4089,3.295
2026-10-10 13:03:12.361733,4093,3.298
2026-10-10 13:03:12.969685,4094,3.299
2026-10-10 13:03:13.782319,4093,3.298
2026-10-10 13:03:14.390138,4094,3.299
2026-10-10 13:03:15.012485,4095,3.3
2026-10-10 13:03:15.820757,4095,3.3
2026-10-10 13:03:16.425805,4095,3.3
2026-10-10 13:03:17.250904,4095,3.3
2026-10-10 13:03:17.858055,4093,3.298
2026-10-10 13:03:18.670577,4093,3.298
2026-10-10 13:03:19.278741,4093,3.298
2026-10-10 13:03:20.086940,4093,3.298
2026-10-10 13:03:20.693012,4095,3.3
2026-10-10 13:03:21.505983,4093,3.298
2026-10-10 13:03:22.112512,4095,3.3
2026-10-10 13:03:22.922773,4094,3.299
2026-10-10 13:03:23.531514,4093,3.298
2026-10-10 13:03:24.141978,4093,3.298
2026-10-10 13:03:24.951031,4095,3.3
2026-10-10 13:03:25.559045,4094,3.299
2026-10-10 13:03:26.370085,4093,3.298
2026-10-10 13:03:26.981933,4095,3.3
2026-10-10 13:03:27.793789,4093,3.298
2026-10-10 13:03:28.403286,4095,3.3
2026-10-10 13:03:29.213984,4093,3.298
2026-10-10 13:03:29.821444,4093,3.298
2026-10-10 13:03:30.628971,4093,3.298
2026-10-10 13:03:31.238302,4093,3.298
2026-10-10 13:03:32.046245,4092,3.298
2026-10-10 13:03:32.653999,4093,3.298
2026-10-10 13:03:33.462575,4093,3.298
2026-10-10 13:03:34.073014,4093,3.298
2026-10-10 13:03:34.880536,4093,3.298
2026-10-10 13:03:35.488579,4093,3.298
2026-10-10 13:03:36.099429,4093,3.298
2026-10-10 13:03:36.908526,4093,3.298
2026-10-10 13:03:37.518534,4095,3.3
2026-10-10 13:03:38.326261,4093,3.298
2026-10-10 13:03:38.937139,4095,3.3
2026-10-10 13:03:39.751269,4095,3.3
2026-10-10 13:03:40.356987,4095,3.3
2026-10-10 13:03:41.170101,4094,3.299
2026-10-10 13:03:41.779889,4093,3.298
2026-10-10 13:03:42.590669,4093,3.298
2026-10-10 13:03:43.198173,4095,3.3
2026-10-10 13:03:44.012239,4093,3.298
2026-10-10 13:03:44.619326,4093,3.298
2026-10-10 13:03:45.426744,4093,3.298
2026-10-10 13:03:46.037911,4093,3.298
2026-10-10 13:03:46.847783,4093,3.298
2026-10-10 13:03:47.454212,4095,3.3
2026-10-10 13:03:48.263912,4093,3.298
2026-10-10 13:03:48.873437,4093,3.298
2026-10-10 13:03:49.482932,4093,3.298
2026-10-10 13:03:50.296775,4093,3.298
2026-10-10 13:03:50.903619,4095,3.3
2026-10-10 13:03:51.713079,4093,3.298
2026-10-10 13:03:52.324053,4093,3.298
2026-10-10 13:03:53.137532,4095,3.3
2026-10-10 13:03:53.758538,4093,3.298
2026-10-10 13:03:54.571594,4094,3.299
2026-10-10 13:03:55.185463,4093,3.298
2026-10-10 13:03:55.997386,4093,3.298
2026-10-10 13:03:56.609889,4093,3.298
2026-10-10 13:03:57.218465,4095,3.3
2026-10-10 13:03:58.041225,4093,3.298
2026-10-10 13:03:58.648991,4093,3.298
2026-10-10 13:03:59.457149,4093,3.298
2026-10-10 13:04:00.069178,4093,3.298
2026-10-10 13:04:00.879362,4093,3.298
2026-10-10 13:04:01.487000,4093,3.298
2026-10-10 13:04:02.302322,4093,3.298
2026-10-10 13:04:02.907311,4093,3.298
2026-10-10 13:04:03.717468,4087,3.294
2026-10-10 13:04:04.329155,4094,3.299
2026-10-10 13:04:05.140303,4093,3.298
2026-10-10 13:04:05.749405,4093,3.298
2026-10-10 13:04:06.554583,4094,3.299
2026-10-10 13:04:07.162331,4095,3.3
2026-10-10 13:04:07.969898,4095,3.3
2026-10-10 13:04:08.575467,4095,3.3
2026-10-10 13:04:09.382924,4095,3.3
2026-10-10 13:04:09.992423,4094,3.299
2026-10-10 13:04:10.600655,4093,3.298
2026-10-10 13:04:11.412206,4093,3.298
2026-10-10 13:04:12.021273,4093,3.298
2026-10-10 13:04:12.844532,4093,3.298
2026-10-10 13:04:13.454312,4093,3.298
2026-10-10 13:04:14.262050,4093,3.298
2026-10-10 13:04:14.870113,4093,3.298
2026-10-10 13:04:15.680750,4093,3.298
2026-10-10 13:04:16.287776,4093,3.298
2026-10-10 13:04:17.099471,4094,3.299
2026-10-10 13:04:17.707831,4093,3.298
2026-10-10 13:04:18.516686,4095,3.3
2026-10-10 13:04:19.122596,4095,3.3
2026-10-10 13:04:19.931092,4093,3.298
2026-10-10 13:04:20.537907,4093,3.298
2026-10-10 13:04:21.349306,4093,3.298
2026-10-10 13:04:21.953833,4093,3.298
2026-10-10 13:04:22.573989,4091,3.297
2026-10-10 13:04:23.383598,4087,3.294
2026-10-10 13:04:23.992634,4094,3.299
2026-10-10 13:04:24.804893,4093,3.298
2026-10-10 13:04:25.415717,4095,3.3
2026-10-10 13:04:26.225397,4095,3.3
2026-10-10 13:04:26.834454,4093,3.298
2026-10-10 13:04:27.644698,4093,3.298
2026-10-10 13:04:28.253522,4093,3.298
2026-10-10 13:04:29.064050,4093,3.298
2026-10-10 13:04:29.667888,4093,3.298
2026-10-10 13:04:30.481562,4095,3.3
2026-10-10 13:04:31.090390,4093,3.298
2026-10-10 13:04:31.902216,4093,3.298
2026-10-10 13:04:32.511522,4094,3.299
2026-10-10 13:04:33.121542,4093,3.298
2026-10-10 13:04:33.942103,4094,3.299
2026-10-10 13:04:34.552136,4095,3.3
2026-10-10 13:04:35.364974,4095,3.3
2026-10-10 13:04:35.979394,4094,3.299
2026-10-10 13:04:36.792244,4093,3.298
2026-10-10 13:04:37.401641,4093,3.298
2026-10-10 13:04:38.210906,4093,3.298
2026-10-10 13:04:38.820051,4094,3.299
2026-10-10 13:04:39.631203,4095,3.3
2026-10-10 13:04:40.241373,4095,3.3
2026-10-10 13:04:41.054271,4093,3.298
2026-10-10 13:04:41.661191,4095,3.3
2026-10-10 13:04:42.471161,4093,3.298
2026-10-10 13:04:43.077959,4093,3.298
2026-10-10 13:04:43.684911,4093,3.298
2026-10-10 13:04:44.507141,4095,3.3
2026-10-10 13:04:45.115571,4093,3.298
2026-10-10 13:04:45.925603,4093,3.298
2026-10-10 13:04:46.533609,4095,3.3
2026-10-10 13:04:47.337372,4093,3.298
2026-10-10 13:04:47.946322,4093,3.298
2026-10-10 13:04:48.754323,4093,3.298
2026-10-10 13:04:49.375310,4093,3.298
2026-10-10 13:04:50.182705,4093,3.298
2026-10-10 13:04:50.791579,4095,3.3
2026-10-10 13:04:51.604837,4093,3.298
2026-10-10 13:04:52.209775,4091,3.297
2026-10-10 13:04:53.020464,4093,3.298
2026-10-10 13:04:53.628648,4095,3.3
2026-10-10 13:04:54.238573,4093,3.298
2026-10-10 13:04:55.059564,4093,3.298
2026-10-10 13:04:55.668602,4093,3.298
2026-10-10 13:04:56.479852,4093,3.298
2026-10-10 13:04:57.086889,4093,3.298
2026-10-10 13:04:57.901470,4093,3.298
2026-10-10 13:04:58.506875,4093,3.298
2026-10-10 13:04:59.318532,4093,3.298
2026-10-10 13:04:59.926378,4093,3.298
2026-10-10 13:05:00.737427,4093,3.298
2026-10-10 13:05:01.346149,4093,3.298
2026-10-10 13:05:02.154209,4095,3.3
2026-10-10 13:05:02.761143,4093,3.298
2026-10-10 13:05:03.567320,4094,3.299
2026-10-10 13:05:04.170795,4095,3.3
2026-10-10 13:05:04.980573,4093,3.298
2026-10-10 13:05:05.589194,4093,3.298
2026-10-10 13:05:06.396910,4094,3.299
2026-10-10 13:05:07.015554,4095,3.3
2026-10-10 13:05:07.622486,4093,3.298
2026-10-10 13:05:08.432644,4093,3.298
2026-10-10 13:05:09.044186,4093,3.298
2026-10-10 13:05:09.868277,4093,3.298
2026-10-10 13:05:10.477618,4093,3.298
2026-10-10 13:05:11.288327,4094,3.299
2026-10-10 13:05:11.898664,4095,3.3
2026-10-10 13:05:12.706083,4094,3.299
2026-10-10 13:05:13.312532,4093,3.298
2026-10-10 13:05:14.126490,4093,3.298
2026-10-10 13:05:14.746084,4093,3.298
2026-10-10 13:05:15.351409,4093,3.298
2026-10-10 13:05:16.164672,4093,3.298
2026-10-10 13:05:16.774144,4093,3.298
2026-10-10 13:05:17.584611,4093,3.298
2026-10-10 13:05:18.190124,4095,3.3
2026-10-10 13:05:18.996451,4094,3.299
2026-10-10 13:05:19.602987,4095,3.3
2026-10-10 13:05:20.424872,4093,3.298
2026-10-10 13:05:21.032414,4093,3.298
2026-10-10 13:05:21.843348,4095,3.3
2026-10-10 13:05:22.454386,4093,3.298
2026-10-10 13:05:23.264890,4093,3.298
2026-10-10 13:05:23.873627,4093,3.298
2026-10-10 13:05:24.685621,4093,3.298
2026-10-10 13:05:25.296249,4093,3.298
2026-10-10 13:05:25.912327,4093,3.298
2026-10-10 13:05:26.723627,4093,3.298
2026-10-10 13:05:27.348009,4093,3.298
2026-10-10 13:05:28.159264,4093,3.298
2026-10-10 13:05:28.765269,4093,3.298
2026-10-10 13:05:29.574683,4093,3.298
2026-10-10 13:05:30.187821,4093,3.298
2026-10-10 13:05:31.000382,4093,3.298
2026-10-10 13:05:31.607232,4093,3.298
2026-10-10 13:05:32.422571,4093,3.298
2026-10-10 13:05:33.034766,4095,3.3
2026-10-10 13:05:33.846854,4093,3.298
2026-10-10 13:05:34.450397,4095,3.3
2026-10-10 13:05:35.260490,4087,3.294
2026-10-10 13:05:35.864216,4093,3.298
2026-10-10 13:05:36.674665,4093,3.298
2026-10-10 13:05:37.280065,4095,3.3
2026-10-10 13:05:37.888873,4094,3.299
2026-10-10 13:05:38.699205,4095,3.3
2026-10-10 13:05:39.307616,4094,3.299
2026-10-10 13:05:40.115569,4095,3.3
2026-10-10 13:05:40.725627,4093,3.298
2026-10-10 13:05:41.529586,4093,3.298
2026-10-10 13:05:42.137706,4093,3.298
2026-10-10 13:05:42.952868,4093,3.298
2026-10-10 13:05:43.563155,4094,3.299
2026-10-10 13:05:44.372186,4093,3.298
2026-10-10 13:05:44.979886,4093,3.298
2026-10-10 13:05:45.789170,4093,3.298
2026-10-10 13:05:46.397918,4093,3.298
2026-10-10 13:05:47.223073,4083,3.29
2026-10-10 13:05:47.832331,4095,3.3
2026-10-10 13:05:48.645714,4093,3.298
2026-10-10 13:05:49.250781,4094,3.299
2026-10-10 13:05:49.860535,4095,3.3
2026-10-10 13:05:50.681696,4093,3.298
2026-10-10 13:05:51.293097,4093,3.298
2026-10-10 13:05:52.115109,4093,3.298
2026-10-10 13:05:52.718868,4093,3.298
2026-10-10 13:05:53.527625,4094,3.299
2026-10-10 13:05:54.137909,4093,3.298
2026-10-10 13:05:54.948011,4093,3.298
2026-10-10 13:05:55.556927,4093,3.298
2026-10-10 13:05:56.372351,4094,3.299
2026-10-10 13:05:56.980022,4095,3.3
2026-10-10 13:05:57.792265,4095,3.3
2026-10-10 13:05:58.401681,4095,3.3
2026-10-10 13:05:59.011648,4095,3.3
2026-10-10 13:05:59.825266,4093,3.298
2026-10-10 13:06:00.434769,4093,3.298
2026-10-10 13:06:01.246027,4093,3.298
2026-10-10 13:06:01.868716,4093,3.298
2026-10-10 13:06:02.685164,4093,3.298
2026-10-10 13:06:03.291436,4093,3.298
2026-10-10 13:06:04.119747,4093,3.298
2026-10-10 13:06:04.737683,4093,3.298
2026-10-10 13:06:05.542811,4095,3.3
2026-10-10 13:06:06.145767,4093,3.298
2026-10-10 13:06:06.764421,4094,3.299
2026-10-10 13:06:07.582332,4093,3.298
2026-10-10 13:06:08.203982,4095,3.3
2026-10-10 13:06:09.035886,4093,3.298
2026-10-10 13:06:09.649837,4093,3.298
2026-10-10 13:06:10.480360,4093,3.298
2026-10-10 13:06:11.096156,4095,3.3
2026-10-10 13:06:11.725489,4093,3.298
2026-10-10 13:06:12.555751,4093,3.298
2026-10-10 13:06:13.171951,4093,3.298
2026-10-10 13:06:13.990371,4093,3.298
2026-10-10 13:06:14.608048,4093,3.298
2026-10-10 13:06:15.227033,4095,3.3
2026-10-10 13:06:16.033686,4093,3.298
2026-10-10 13:06:16.663105,4094,3.299
2026-10-10 13:06:17.491995,4093,3.298
2026-10-10 13:06:18.106466,4093,3.298
2026-10-10 13:06:18.912508,4093,3.298
2026-10-10 13:06:19.527035,4095,3.3
2026-10-10 13:06:20.141335,4095,3.3
2026-10-10 13:06:20.967860,4094,3.299
2026-10-10 13:06:21.570298,4095,3.3
2026-10-10 13:06:22.374387,4093,3.298
2026-10-10 13:06:22.989487,4094,3.299
2026-10-10 13:06:23.794318,4093,3.298
2026-10-10 13:06:24.403939,4093,3.298
2026-10-10 13:06:25.218655,4095,3.3
2026-10-10 13:06:25.831509,4094,3.299
2026-10-10 13:06:26.645505,4095,3.3
2026-10-10 13:06:27.257594,4094,3.299
2026-10-10 13:06:28.073490,4093,3.298
2026-10-10 13:06:28.683081,4095,3.3
2026-10-10 13:06:29.294335,4093,3.298
2026-10-10 13:06:30.116399,4093,3.298
2026-10-10 13:06:30.729334,4093,3.298
2026-10-10 13:06:31.546663,4093,3.298
2026-10-10 13:06:32.159098,4093,3.298
2026-10-10 13:06:32.972026,4093,3.298
2026-10-10 13:06:33.581528,4093,3.298
2026-10-10 13:06:34.393429,4093,3.298
2026-10-10 13:06:35.003128,4095,3.3
2026-10-10 13:06:35.811670,4093,3.298
2026-10-10 13:06:36.423333,4093,3.298
2026-10-10 13:06:37.244014,4095,3.3
2026-10-10 13:06:37.859031,4093,3.298
2026-10-10 13:06:38.481038,4093,3.298
2026-10-10 13:06:39.296828,4093,3.298
2026-10-10 13:06:39.909367,4093,3.298
2026-10-10 13:06:40.727224,4093,3.298
2026-10-10 13:06:41.340755,4094,3.299
2026-10-10 13:06:42.156342,4094,3.299
2026-10-10 13:06:42.769184,4093,3.298
2026-10-10 13:06:43.385903,4094,3.299
2026-10-10 13:06:44.205792,4093,3.298
2026-10-10 13:06:44.822602,4094,3.299
2026-10-10 13:06:45.637564,4095,3.3
2026-10-10 13:06:46.251815,4095,3.3
2026-10-10 13:06:47.067279,4093,3.298
2026-10-10 13:06:47.679160,4093,3.298
2026-10-10 13:06:48.491843,4093,3.298
2026-10-10 13:06:49.101884,4094,3.299
2026-10-10 13:06:49.718340,4094,3.299
2026-10-10 13:06:50.533332,4095,3.3
2026-10-10 13:06:51.144076,4093,3.298
2026-10-10 13:06:51.960444,4093,3.298
2026-10-10 13:06:52.566654,4095,3.3
2026-10-10 13:06:53.381385,4093,3.298
2026-10-10 13:06:53.994650,4093,3.298
2026-10-10 13:06:54.811815,4093,3.298
2026-10-10 13:06:55.424651,4093,3.298
2026-10-10 13:06:56.232053,4094,3.299
2026-10-10 13:06:56.840335,4093,3.298
2026-10-10 13:06:57.650787,4093,3.298
2026-10-10 13:06:58.255895,4093,3.298
2026-10-10 13:06:59.060788,4093,3.298
2026-10-10 13:06:59.669448,4093,3.298
2026-10-10 13:07:00.282457,4095,3.3
2026-10-10 13:07:01.103151,4093,3.298
2026-10-10 13:07:01.708616,4094,3.299
2026-10-10 13:07:02.517742,4093,3.298
2026-10-10 13:07:03.127045,4093,3.298
2026-10-10 13:07:03.932938,4087,3.294
2026-10-10 13:07:04.537017,4093,3.298
2026-10-10 13:07:05.351540,4093,3.298
2026-10-10 13:07:05.960136,4094,3.299
2026-10-10 13:07:06.770403,4095,3.3
2026-10-10 13:07:07.375549,4095,3.3
2026-10-10 13:07:08.183541,4093,3.298
2026-10-10 13:07:08.791344,4093,3.298
2026-10-10 13:07:09.596357,4093,3.298
2026-10-10 13:07:10.208344,4094,3.299
2026-10-10 13:07:11.023730,4093,3.298
2026-10-10 13:07:11.631053,4093,3.298
2026-10-10 13:07:12.438846,4093,3.298
2026-10-10 13:07:13.048607,4095,3.3
2026-10-10 13:07:13.662556,4095,3.3
2026-10-10 13:07:14.471196,4093,3.298
2026-10-10 13:07:15.079660,4094,3.299
2026-10-10 13:07:15.891562,4093,3.298
2026-10-10 13:07:16.502993,4093,3.298
2026-10-10 13:07:17.313229,4093,3.298
2026-10-10 13:07:17.920908,4095,3.3
2026-10-10 13:07:18.736771,4093,3.298
2026-10-10 13:07:19.346652,4095,3.3
2026-10-10 13:07:20.154031,4093,3.298
2026-10-10 13:07:20.767276,4093,3.298
2026-10-10 13:07:21.581413,4094,3.299
2026-10-10 13:07:22.193898,4093,3.298
2026-10-10 13:07:23.006008,4093,3.298
2026-10-10 13:07:23.614294,4093,3.298
2026-10-10 13:07:24.222374,4095,3.3
2026-10-10 13:07:25.033493,4093,3.298
2026-10-10 13:07:25.643423,4095,3.3
2026-10-10 13:07:26.455120,4093,3.298
2026-10-10 13:07:27.074890,4093,3.298
2026-10-10 13:07:27.883450,4093,3.298
2026-10-10 13:07:28.492187,4095,3.3
2026-10-10 13:07:29.315199,4095,3.3
2026-10-10 13:07:29.920733,4093,3.298
2026-10-10 13:07:30.733065,4094,3.299
2026-10-10 13:07:31.339574,4095,3.3
2026-10-10 13:07:32.149407,4093,3.298
2026-10-10 13:07:32.753082,4094,3.299
2026-10-10 13:07:33.566351,4095,3.3
2026-10-10 13:07:34.172567,4093,3.298
2026-10-10 13:07:34.978973,4094,3.299
2026-10-10 13:07:35.586436,4095,3.3
2026-10-10 13:07:36.197295,4093,3.298
2026-10-10 13:07:37.008498,4093,3.298
2026-10-10 13:07:37.613870,4093,3.298
2026-10-10 13:07:38.417405,4095,3.3
2026-10-10 13:07:39.022333,4093,3.298
2026-10-10 13:07:39.829003,4093,3.298
2026-10-10 13:07:40.435518,4093,3.298
2026-10-10 13:07:41.242628,4093,3.298
2026-10-10 13:07:41.851284,4093,3.298
2026-10-10 13:07:42.661753,4093,3.298
2026-10-10 13:07:43.273799,4093,3.298
2026-10-10 13:07:44.079985,4093,3.298
2026-10-10 13:07:44.687556,4094,3.299
2026-10-10 13:07:45.498868,4095,3.3
2026-10-10 13:07:46.108507,4093,3.298
2026-10-10 13:07:46.921665,4093,3.298
2026-10-10 13:07:47.530726,4095,3.3
2026-10-10 13:07:48.338767,4093,3.298
2026-10-10 13:07:48.945159,4093,3.298
2026-10-10 13:07:49.758576,4093,3.298
2026-10-10 13:07:50.363904,4094,3.299
2026-10-10 13:07:51.176184,4093,3.298
2026-10-10 13:07:51.792863,4093,3.298
2026-10-10 13:07:52.403388,4093,3.298
2026-10-10 13:07:53.215665,4093,3.298
2026-10-10 13:07:53.824151,4093,3.298
2026-10-10 13:07:54.632897,4093,3.298
2026-10-10 13:07:55.241560,4093,3.298
2026-10-10 13:07:56.047210,4095,3.3
2026-10-10 13:07:56.655861,4093,3.298
2026-10-10 13:07:57.466206,4087,3.294
2026-10-10 13:07:58.074866,4093,3.298
2026-10-10 13:07:58.884281,4095,3.3
2026-10-10 13:07:59.495450,4095,3.3
2026-10-10 13:08:00.310914,4093,3.298
2026-10-10 13:08:00.918496,4093,3.298
2026-10-10 13:08:01.729971,4095,3.3
2026-10-10 13:08:02.340428,4095,3.3
2026-10-10 13:08:03.150213,4093,3.298
2026-10-10 13:08:03.758788,4093,3.298
2026-10-10 13:08:04.567699,4095,3.3
2026-10-10 13:08:05.176584,4093,3.298
2026-10-10 13:08:05.798251,4093,3.298
2026-10-10 13:08:06.607298,4093,3.298
2026-10-10 13:08:07.215483,4093,3.298
2026-10-10 13:08:08.024167,4093,3.298
2026-10-10 13:08:08.633271,4093,3.298
2026-10-10 13:08:09.440655,4095,3.3
2026-10-10 13:08:10.048341,4093,3.298
2026-10-10 13:08:10.868312,4093,3.298
2026-10-10 13:08:11.473481,4093,3.298
2026-10-10 13:08:12.282972,4093,3.298
2026-10-10 13:08:12.891186,4095,3.3
2026-10-10 13:08:13.700780,4093,3.298
2026-10-10 13:08:14.309783,4094,3.299
2026-10-10 13:08:15.119480,4095,3.3
2026-10-10 13:08:15.726862,4093,3.298
2026-10-10 13:08:16.535353,4095,3.3
2026-10-10 13:08:17.144040,4095,3.3
2026-10-10 13:08:17.756638,4093,3.298
2026-10-10 13:08:18.578879,4093,3.298
2026-10-10 13:08:19.186852,4093,3.298
2026-10-10 13:08:19.998015,4093,3.298
2026-10-10 13:08:20.603771,4093,3.298
2026-10-10 13:08:21.411859,4093,3.298
2026-10-10 13:08:22.017898,4093,3.298
2026-10-10 13:08:22.830612,4085,3.292
2026-10-10 13:08:23.435861,4093,3.298
2026-10-10 13:08:24.245324,4093,3.298
2026-10-10 13:08:24.851461,4094,3.299
2026-10-10 13:08:25.660373,4095,3.3
2026-10-10 13:08:26.265944,4093,3.298
2026-10-10 13:08:27.076459,4093,3.298
2026-10-10 13:08:27.684760,4093,3.298
2026-10-10 13:08:28.494388,4091,3.297
2026-10-10 13:08:29.101891,4093,3.298
2026-10-10 13:08:29.908496,4093,3.298
2026-10-10 13:08:30.514260,4093,3.298
2026-10-10 13:08:31.325649,4093,3.298
2026-10-10 13:08:31.932428,4093,3.298
2026-10-10 13:08:32.747089,4095,3.3
2026-10-10 13:08:33.353711,4095,3.3
2026-10-10 13:08:33.958611,4093,3.298
2026-10-10 13:08:34.765257,4095,3.3
2026-10-10 13:08:35.373164,4093,3.298
2026-10-10 13:08:36.180241,4093,3.298
2026-10-10 13:08:36.786500,4093,3.298
2026-10-10 13:08:37.598543,4093,3.298
2026-10-10 13:08:38.206685,4093,3.298
2026-10-10 13:08:39.017596,4095,3.3
2026-10-10 13:08:39.629198,4093,3.298
2026-10-10 13:08:40.436904,4093,3.298
2026-10-10 13:08:41.047326,4094,3.299
2026-10-10 13:08:41.857022,4093,3.298
2026-10-10 13:08:42.468112,4094,3.299
2026-10-10 13:08:43.280459,4095,3.3
2026-10-10 13:08:43.887999,4093,3.298
2026-10-10 13:08:44.698135,4093,3.298
2026-10-10 13:08:45.311690,4094,3.299
2026-10-10 13:08:46.119934,4093,3.298
2026-10-10 13:08:46.725108,4093,3.298
2026-10-10 13:08:47.535556,4094,3.299
2026-10-10 13:08:48.144654,4093,3.298
2026-10-10 13:08:48.751921,4095,3.3
2026-10-10 13:08:49.560400,4095,3.3
2026-10-10 13:08:50.168566,4093,3.298
2026-10-10 13:08:50.990621,4093,3.298
2026-10-10 13:08:51.600042,4094,3.299
2026-10-10 13:08:52.408158,4093,3.298
2026-10-10 13:08:53.017875,4093,3.298
2026-10-10 13:08:53.826557,4095,3.3
2026-10-10 13:08:54.434364,4087,3.294
2026-10-10 13:08:55.244280,4094,3.299
2026-10-10 13:08:55.850549,4094,3.299
2026-10-10 13:08:56.659667,4095,3.3
2026-10-10 13:08:57.268078,4093,3.298
2026-10-10 13:08:58.098330,4093,3.298
2026-10-10 13:08:58.711919,4095,3.3
2026-10-10 13:08:59.323086,4093,3.298
2026-10-10 13:09:00.132401,4093,3.298
2026-10-10 13:09:00.739394,4095,3.3
2026-10-10 13:09:01.550059,4093,3.298
2026-10-10 13:09:02.155972,4094,3.299
2026-10-10 13:09:02.962396,4095,3.3
2026-10-10 13:09:03.570869,4093,3.298
2026-10-10 13:09:04.380699,4095,3.3
2026-10-10 13:09:04.988780,4093,3.298
2026-10-10 13:09:05.801074,4093,3.298
2026-10-10 13:09:06.408666,4095,3.3
2026-10-10 13:09:07.217283,4093,3.298
2026-10-10 13:09:07.826754,4093,3.298
2026-10-10 13:09:08.638257,4093,3.298
2026-10-10 13:09:09.246804,4095,3.3
2026-10-10 13:09:10.057587,4093,3.298
2026-10-10 13:09:10.665335,4094,3.299
2026-10-10 13:09:11.278419,4093,3.298
2026-10-10 13:09:12.100201,4094,3.299
2026-10-10 13:09:12.705252,4093,3.298
2026-10-10 13:09:13.514435,4093,3.298
2026-10-10 13:09:14.123016,4094,3.299
2026-10-10 13:09:14.925734,4093,3.298
2026-10-10 13:09:15.532966,4093,3.298
2026-10-10 13:09:16.341704,4093,3.298
2026-10-10 13:09:16.948097,4095,3.3
2026-10-10 13:09:17.757566,4094,3.299
2026-10-10 13:09:18.366528,4095,3.3
2026-10-10 13:09:19.179316,4093,3.298
2026-10-10 13:09:19.786214,4093,3.298
2026-10-10 13:09:20.599492,4095,3.3
2026-10-10 13:09:21.208534,4093,3.298
2026-10-10 13:09:22.019237,4093,3.298
2026-10-10 13:09:22.628431,4093,3.298
2026-10-10 13:09:23.435227,4093,3.298
2026-10-10 13:09:24.041955,4094,3.299
2026-10-10 13:09:24.651999,4093,3.298
2026-10-10 13:09:25.464186,4091,3.297
2026-10-10 13:09:26.071628,4095,3.3
2026-10-10 13:09:26.878055,4093,3.298
2026-10-10 13:09:27.489588,4093,3.298
2026-10-10 13:09:28.299496,4093,3.298
2026-10-10 13:09:28.906973,4094,3.299
2026-10-10 13:09:29.719271,4094,3.299
2026-10-10 13:09:30.328571,4093,3.298
2026-10-10 13:09:31.136982,4093,3.298
2026-10-10 13:09:31.746156,4093,3.298
2026-10-10 13:09:32.553707,4093,3.298
2026-10-10 13:09:33.160328,4093,3.298
2026-10-10 13:09:33.983171,4095,3.3
2026-10-10 13:09:34.593217,4094,3.299
2026-10-10 13:09:35.403529,4093,3.298
2026-10-10 13:09:36.009956,4094,3.299
2026-10-10 13:09:36.617461,4093,3.298
2026-10-10 13:09:37.438609,4091,3.297
2026-10-10 13:09:38.045656,4085,3.292
2026-10-10 13:09:38.855616,4093,3.298
2026-10-10 13:09:39.464337,4093,3.298
2026-10-10 13:09:40.277253,4093,3.298
2026-10-10 13:09:40.884141,4095,3.3
2026-10-10 13:09:41.694782,4095,3.3
2026-10-10 13:09:42.304094,4095,3.3
2026-10-10 13:09:43.113439,4094,3.299
2026-10-10 13:09:43.722922,4093,3.298
2026-10-10 13:09:44.531589,4093,3.298
2026-10-10 13:09:45.146897,4093,3.298
2026-10-10 13:09:45.770540,4093,3.298
2026-10-10 13:09:46.577624,4093,3.298
2026-10-10 13:09:47.185650,4095,3.3
2026-10-10 13:09:47.996473,4093,3.298
2026-10-10 13:09:48.604444,4093,3.298
2026-10-10 13:09:49.418027,4095,3.3
2026-10-10 13:09:50.027557,4094,3.299
2026-10-10 13:09:50.835071,4093,3.298
2026-10-10 13:09:51.440696,4093,3.298
2026-10-10 13:09:52.254436,4093,3.298
2026-10-10 13:09:52.860734,4093,3.298
2026-10-10 13:09:53.674439,4093,3.298
2026-10-10 13:09:54.282363,4093,3.298
2026-10-10 13:09:55.093421,4093,3.298
2026-10-10 13:09:55.704634,4093,3.298
2026-10-10 13:09:56.526621,4093,3.298
2026-10-10 13:09:57.135502,4093,3.298
2026-10-10 13:09:57.745327,4093,3.298
2026-10-10 13:09:58.556123,4093,3.298
2026-10-10 13:09:59.163447,4093,3.298
2026-10-10 13:09:59.975832,4093,3.298
2026-10-10 13:10:00.588579,4093,3.298
2026-10-10 13:10:01.402704,4093,3.298
2026-10-10 13:10:02.008727,4093,3.298
2026-10-10 13:10:02.819438,4095,3.3
2026-10-10 13:10:03.428840,4094,3.299
2026-10-10 13:10:04.238083,4093,3.298
2026-10-10 13:10:04.848468,4093,3.298
2026-10-10 13:10:05.664510,4093,3.298
2026-10-10 13:10:06.274360,4095,3.3
2026-10-10 13:10:07.087084,4093,3.298
2026-10-10 13:10:07.696998,4093,3.298
2026-10-10 13:10:08.306538,4093,3.298
2026-10-10 13:10:09.129829,4089,3.295
2026-10-10 13:10:09.739171,4095,3.3
2026-10-10 13:10:10.547114,4093,3.298
2026-10-10 13:10:11.154085,4095,3.3
2026-10-10 13:10:11.965143,4095,3.3
2026-10-10 13:10:12.570808,4093,3.298
2026-10-10 13:10:13.379195,4093,3.298
2026-10-10 13:10:13.988364,4093,3.298
2026-10-10 13:10:14.797748,4093,3.298
2026-10-10 13:10:15.407146,4093,3.298
2026-10-10 13:10:16.221110,4093,3.298
2026-10-10 13:10:16.840142,4093,3.298
2026-10-10 13:10:17.648130,4095,3.3
2026-10-10 13:10:18.254089,4093,3.298
2026-10-10 13:10:18.866551,4093,3.298
2026-10-10 13:10:19.688437,4093,3.298
2026-10-10 13:10:20.308650,4095,3.3
2026-10-10 13:10:21.121448,4095,3.3
2026-10-10 13:10:21.732055,4093,3.298
2026-10-10 13:10:22.541182,4093,3.298
2026-10-10 13:10:23.152352,4093,3.298
2026-10-10 13:10:23.980174,4093,3.298
2026-10-10 13:10:24.600814,4093,3.298
2026-10-10 13:10:25.207889,4093,3.298
2026-10-10 13:10:26.024504,4093,3.298
2026-10-10 13:10:26.633362,4093,3.298
2026-10-10 13:10:27.442871,4093,3.298
2026-10-10 13:10:28.052844,4095,3.3
2026-10-10 13:10:28.860988,4095,3.3
2026-10-10 13:10:29.471019,4093,3.298
2026-10-10 13:10:30.278626,4094,3.299
2026-10-10 13:10:30.886422,4095,3.3
2026-10-10 13:10:31.696759,4093,3.298
2026-10-10 13:10:32.308542,4093,3.298
2026-10-10 13:10:33.118957,4095,3.3
2026-10-10 13:10:33.727894,4093,3.298
2026-10-10 13:10:34.540482,4093,3.298
2026-10-10 13:10:35.148900,4095,3.3
2026-10-10 13:10:35.958460,4093,3.298
2026-10-10 13:10:36.570061,4094,3.299
2026-10-10 13:10:37.177459,4093,3.298
2026-10-10 13:10:37.987304,4095,3.3
2026-10-10 13:10:38.595789,4093,3.298
2026-10-10 13:10:39.404278,4093,3.298
2026-10-10 13:10:40.014519,4093,3.298
2026-10-10 13:10:40.825773,4095,3.3
2026-10-10 13:10:41.431223,4093,3.298
2026-10-10 13:10:42.237853,4091,3.297
2026-10-10 13:10:42.844150,4093,3.298
2026-10-10 13:10:43.654028,4095,3.3
2026-10-10 13:10:44.260844,4093,3.298
2026-10-10 13:10:45.069850,4093,3.298
2026-10-10 13:10:45.677756,4093,3.298
2026-10-10 13:10:46.499546,4093,3.298
2026-10-10 13:10:47.111974,4093,3.298
2026-10-10 13:10:47.920295,4093,3.298
2026-10-10 13:10:48.532969,4093,3.298
2026-10-10 13:10:49.143008,4093,3.298
2026-10-10 13:10:49.958496,4095,3.3
2026-10-10 13:10:50.567312,4093,3.298
2026-10-10 13:10:51.377516,4093,3.298
2026-10-10 13:10:51.986659,4095,3.3
2026-10-10 13:10:52.792976,4093,3.298
2026-10-10 13:10:53.400882,4095,3.3
2026-10-10 13:10:54.209652,4093,3.298
2026-10-10 13:10:54.821075,4095,3.3
2026-10-10 13:10:55.628084,4093,3.298
2026-10-10 13:10:56.248865,4094,3.299
2026-10-10 13:10:57.059333,4093,3.298
2026-10-10 13:10:57.667357,4093,3.298
2026-10-10 13:10:58.477706,4093,3.298
2026-10-10 13:10:59.081560,4093,3.298
2026-10-10 13:10:59.891978,4094,3.299
2026-10-10 13:11:00.510394,4093,3.298
2026-10-10 13:11:01.117815,4093,3.298
2026-10-10 13:11:01.928588,4093,3.298
2026-10-10 13:11:02.536811,4093,3.298
2026-10-10 13:11:03.347203,4093,3.298
2026-10-10 13:11:03.957428,4093,3.298
2026-10-10 13:11:04.763329,4095,3.3
2026-10-10 13:11:05.371489,4093,3.298
2026-10-10 13:11:06.181268,4095,3.3
2026-10-10 13:11:06.789785,4089,3.295
2026-10-10 13:11:07.601887,4093,3.298
2026-10-10 13:11:08.212956,4094,3.299
2026-10-10 13:11:09.031231,4093,3.298
2026-10-10 13:11:09.637905,4093,3.298
2026-10-10 13:11:10.449085,4093,3.298
2026-10-10 13:11:11.055968,4094,3.299
2026-10-10 13:11:11.664682,4093,3.298
2026-10-10 13:11:12.490280,4093,3.298
2026-10-10 13:11:13.100637,4093,3.298
2026-10-10 13:11:13.909307,4093,3.298
2026-10-10 13:11:14.516113,4093,3.298
2026-10-10 13:11:15.327828,4094,3.299
2026-10-10 13:11:15.935528,4093,3.298
2026-10-10 13:11:16.743034,4093,3.298
2026-10-10 13:11:17.351994,4093,3.298
2026-10-10 13:11:18.159580,4093,3.298
2026-10-10 13:11:18.770126,4095,3.3
2026-10-10 13:11:19.581654,4095,3.3
2026-10-10 13:11:20.202377,4093,3.298
2026-10-10 13:11:20.810756,4093,3.298
2026-10-10 13:11:21.622669,4093,3.298
2026-10-10 13:11:22.229491,4095,3.3
2026-10-10 13:11:23.042959,4093,3.298
2026-10-10 13:11:23.646099,4093,3.298
2026-10-10 13:11:24.454640,4095,3.3
2026-10-10 13:11:25.058074,4093,3.298
2026-10-10 13:11:25.872182,4095,3.3
2026-10-10 13:11:26.478475,4093,3.298
2026-10-10 13:11:27.288531,4093,3.298
2026-10-10 13:11:27.902260,4093,3.298
2026-10-10 13:11:28.707512,4093,3.298
2026-10-10 13:11:29.317524,4095,3.3
2026-10-10 13:11:30.126803,4093,3.298
2026-10-10 13:11:30.738682,4093,3.298
2026-10-10 13:11:31.553699,4093,3.298
2026-10-10 13:11:32.169130,4093,3.298
2026-10-10 13:11:32.779229,4093,3.298
2026-10-10 13:11:33.605022,4093,3.298
2026-10-10 13:11:34.215527,4094,3.299
2026-10-10 13:11:35.026895,4093,3.298
2026-10-10 13:11:35.637074,4093,3.298
2026-10-10 13:11:36.450632,4093,3.298
2026-10-10 13:11:37.059022,4091,3.297
2026-10-10 13:11:37.869091,4094,3.299
2026-10-10 13:11:38.479062,4087,3.294
2026-10-10 13:11:39.294267,4095,3.3
2026-10-10 13:11:39.904295,4093,3.298
2026-10-10 13:11:40.714368,4095,3.3
2026-10-10 13:11:41.324881,4093,3.298
2026-10-10 13:11:41.934181,4093,3.298
2026-10-10 13:11:42.745347,4093,3.298
2026-10-10 13:11:43.358171,4093,3.298
2026-10-10 13:11:44.167995,4093,3.298
2026-10-10 13:11:44.776411,4093,3.298
2026-10-10 13:11:45.586053,4093,3.298
2026-10-10 13:11:46.193910,4093,3.298
2026-10-10 13:11:47.005147,4095,3.3
2026-10-10 13:11:47.615836,4093,3.298
2026-10-10 13:11:48.429182,4093,3.298
2026-10-10 13:11:49.039184,4093,3.298
2026-10-10 13:11:49.866118,4093,3.298
2026-10-10 13:11:50.470648,4093,3.298
2026-10-10 13:11:51.280997,4093,3.298
2026-10-10 13:11:51.886885,4085,3.292
2026-10-10 13:11:52.494274,4093,3.298
2026-10-10 13:11:53.301618,4095,3.3
2026-10-10 13:11:53.909205,4093,3.298
2026-10-10 13:11:54.722443,4095,3.3
2026-10-10 13:11:55.328618,4093,3.298
2026-10-10 13:11:56.139285,4093,3.298
2026-10-10 13:11:56.748181,4094,3.299
2026-10-10 13:11:57.558824,4093,3.298
2026-10-10 13:11:58.167835,4093,3.298
2026-10-10 13:11:58.983917,4093,3.298
2026-10-10 13:11:59.594052,4095,3.3
2026-10-10 13:12:00.405378,4095,3.3
2026-10-10 13:12:01.009702,4095,3.3
2026-10-10 13:12:01.819805,4091,3.297
2026-10-10 13:12:02.427353,4095,3.3
2026-10-10 13:12:03.238119,4093,3.298
2026-10-10 13:12:03.845614,4094,3.299
2026-10-10 13:12:04.654788,4095,3.3
2026-10-10 13:12:05.262511,4095,3.3
2026-10-10 13:12:06.071157,4093,3.298
2026-10-10 13:12:06.679123,4095,3.3
2026-10-10 13:12:07.288301,4095,3.3
2026-10-10 13:12:08.110084,4095,3.3
2026-10-10 13:12:08.718017,4095,3.3
2026-10-10 13:12:09.528987,4095,3.3
2026-10-10 13:12:10.138663,4095,3.3
2026-10-10 13:12:10.946255,4094,3.299
2026-10-10 13:12:11.556201,4095,3.3
2026-10-10 13:12:12.366154,4095,3.3
2026-10-10 13:12:12.976063,4095,3.3
2026-10-10 13:12:13.784930,4095,3.3
2026-10-10 13:12:14.394757,4095,3.3
2026-10-10 13:12:15.206417,4095,3.3
2026-10-10 13:12:15.813309,4095,3.3
2026-10-10 13:12:16.628886,4095,3.3
2026-10-10 13:12:17.239294,4095,3.3
2026-10-10 13:12:17.853608,4095,3.3
2026-10-10 13:12:18.665320,4095,3.3
2026-10-10 13:12:19.273539,4095,3.3
2026-10-10 13:12:20.085323,4095,3.3
2026-10-10 13:12:20.695466,4093,3.298
2026-10-10 13:12:21.505970,4095,3.3
2026-10-10 13:12:22.113601,4094,3.299
2026-10-10 13:12:22.926059,4095,3.3
2026-10-10 13:12:23.532859,4095,3.3
2026-10-10 13:12:24.343962,4095,3.3
2026-10-10 13:12:24.953017,4095,3.3
2026-10-10 13:12:25.765901,4095,3.3
2026-10-10 13:12:26.372140,4095,3.3
2026-10-10 13:12:27.180615,4095,3.3
2026-10-10 13:12:27.788156,4095,3.3
2026-10-10 13:12:28.600108,4095,3.3
2026-10-10 13:12:29.206957,4095,3.3
2026-10-10 13:12:30.023825,4095,3.3
2026-10-10 13:12:30.628735,4094,3.299
2026-10-10 13:12:31.235519,4095,3.3
2026-10-10 13:12:32.048955,4095,3.3
2026-10-10 13:12:32.655378,4095,3.3
2026-10-10 13:12:33.467433,4095,3.3
2026-10-10 13:12:34.073120,4093,3.298
2026-10-10 13:12:34.885707,4095,3.3
2026-10-10 13:12:35.493385,4095,3.3
2026-10-10 13:12:36.306613,4091,3.297
2026-10-10 13:12:36.913143,4093,3.298
2026-10-10 13:12:37.726129,4095,3.3
2026-10-10 13:12:38.331403,4095,3.3
2026-10-10 13:12:39.142147,4095,3.3
2026-10-10 13:12:39.756064,4095,3.3
2026-10-10 13:12:40.566283,4094,3.299
2026-10-10 13:12:41.174738,4095,3.3
2026-10-10 13:12:41.985270,4095,3.3
2026-10-10 13:12:42.594458,4095,3.3
2026-10-10 13:12:43.205401,4095,3.3
2026-10-10 13:12:44.026220,4093,3.298
2026-10-10 13:12:44.634749,4095,3.3
2026-10-10 13:12:45.444544,4095,3.3
2026-10-10 13:12:46.052416,4095,3.3
2026-10-10 13:12:46.863810,4095,3.3
2026-10-10 13:12:47.476042,4094,3.299
2026-10-10 13:12:48.284783,4095,3.3
2026-10-10 13:12:48.895847,4094,3.299
2026-10-10 13:12:49.705267,4095,3.3
2026-10-10 13:12:50.316567,4095,3.3
2026-10-10 13:12:51.124958,4094,3.299
2026-10-10 13:12:51.734497,4095,3.3
2026-10-10 13:12:52.543821,4095,3.3
2026-10-10 13:12:53.152058,4094,3.299
2026-10-10 13:12:53.961397,4095,3.3
2026-10-10 13:12:54.569491,4095,3.3
2026-10-10 13:12:55.178206,4095,3.3
2026-10-10 13:12:55.991477,4095,3.3
2026-10-10 13:12:56.602361,4095,3.3
2026-10-10 13:12:57.413857,4094,3.299
2026-10-10 13:12:58.035086,4095,3.3
2026-10-10 13:12:58.846464,4095,3.3
2026-10-10 13:12:59.453187,4095,3.3
2026-10-10 13:13:00.267309,4095,3.3
2026-10-10 13:13:00.876648,4094,3.299
2026-10-10 13:13:01.687035,4095,3.3
2026-10-10 13:13:02.295163,4095,3.3
2026-10-10 13:13:03.103963,4093,3.298
2026-10-10 13:13:03.716618,4095,3.3
2026-10-10 13:13:04.531579,4095,3.3
2026-10-10 13:13:05.137155,4095,3.3
2026-10-10 13:13:05.748015,4095,3.3
2026-10-10 13:13:06.559519,4093,3.298
2026-10-10 13:13:07.169555,4094,3.299
2026-10-10 13:13:07.977386,4095,3.3
2026-10-10 13:13:08.583534,4093,3.298
2026-10-10 13:13:09.394325,4093,3.298
2026-10-10 13:13:10.000912,4095,3.3
2026-10-10 13:13:10.815808,4095,3.3
2026-10-10 13:13:11.427258,4095,3.3
2026-10-10 13:13:12.236257,4095,3.3
2026-10-10 13:13:12.845813,4095,3.3
2026-10-10 13:13:13.654273,4095,3.3
2026-10-10 13:13:14.261875,4093,3.298
2026-10-10 13:13:15.069296,4095,3.3
2026-10-10 13:13:15.675577,4095,3.3
2026-10-10 13:13:16.492956,4093,3.298
2026-10-10 13:13:17.100585,4095,3.3
2026-10-10 13:13:17.910732,4095,3.3
2026-10-10 13:13:18.519719,4095,3.3
2026-10-10 13:13:19.128371,4095,3.3
2026-10-10 13:13:19.937902,4093,3.298
2026-10-10 13:13:20.545571,4093,3.298
2026-10-10 13:13:21.361331,4095,3.3
2026-10-10 13:13:21.968753,4095,3.3
2026-10-10 13:13:22.777175,4095,3.3
2026-10-10 13:13:23.385920,4094,3.299
2026-10-10 13:13:24.194629,4095,3.3
2026-10-10 13:13:24.803310,4095,3.3
2026-10-10 13:13:25.615858,4095,3.3
2026-10-10 13:13:26.225308,4095,3.3
2026-10-10 13:13:27.036700,4095,3.3
2026-10-10 13:13:27.644426,4095,3.3
2026-10-10 13:13:28.456444,4095,3.3
2026-10-10 13:13:29.064374,4095,3.3
2026-10-10 13:13:29.874564,4095,3.3
2026-10-10 13:13:30.482038,4094,3.299
2026-10-10 13:13:31.291031,4095,3.3
2026-10-10 13:13:31.899519,4095,3.3
2026-10-10 13:13:32.709934,4094,3.299
2026-10-10 13:13:33.325106,4095,3.3
2026-10-10 13:13:33.930251,4095,3.3
2026-10-10 13:13:34.741026,4095,3.3
2026-10-10 13:13:35.350016,4095,3.3
2026-10-10 13:13:36.177404,4095,3.3
2026-10-10 13:13:36.785103,4095,3.3
2026-10-10 13:13:37.595341,4095,3.3
2026-10-10 13:13:38.205654,4095,3.3
2026-10-10 13:13:39.016808,4095,3.3
2026-10-10 13:13:39.624976,4093,3.298
2026-10-10 13:13:40.436037,4095,3.3
2026-10-10 13:13:41.053842,4095,3.3
2026-10-10 13:13:41.865684,4095,3.3
2026-10-10 13:13:42.471427,4095,3.3
2026-10-10 13:13:43.079445,4093,3.298
2026-10-10 13:13:43.903298,4094,3.299
2026-10-10 13:13:44.511945,4095,3.3
2026-10-10 13:13:45.320110,4095,3.3
2026-10-10 13:13:45.929393,4095,3.3
2026-10-10 13:13:46.742656,4093,3.298
2026-10-10 13:13:47.352723,4095,3.3
2026-10-10 13:13:48.163562,4095,3.3
2026-10-10 13:13:48.784758,4095,3.3
2026-10-10 13:13:49.593968,4095,3.3
2026-10-10 13:13:50.201434,4093,3.298
2026-10-10 13:13:51.010984,4095,3.3
2026-10-10 13:13:51.620196,4094,3.299
2026-10-10 13:13:52.238169,4095,3.3
2026-10-10 13:13:53.056958,4095,3.3
2026-10-10 13:13:53.662942,4093,3.298
2026-10-10 13:13:54.477940,4094,3.299
2026-10-10 13:13:55.087470,4095,3.3
2026-10-10 13:13:55.904265,4095,3.3
2026-10-10 13:13:56.515979,4095,3.3
2026-10-10 13:13:57.329129,4095,3.3
2026-10-10 13:13:57.940825,4095,3.3
2026-10-10 13:13:58.764746,4094,3.299
2026-10-10 13:13:59.371061,4093,3.298
2026-10-10 13:13:59.983151,4093,3.298
2026-10-10 13:14:00.791154,4094,3.299
2026-10-10 13:14:01.402093,4093,3.298
2026-10-10 13:14:02.214186,4093,3.298
2026-10-10 13:14:02.823237,4094,3.299
2026-10-10 13:14:03.633249,4095,3.3
2026-10-10 13:14:04.239984,4095,3.3
2026-10-10 13:14:05.047614,4093,3.298
2026-10-10 13:14:05.659933,4095,3.3
2026-10-10 13:14:06.476121,4095,3.3
2026-10-10 13:14:07.083968,4095,3.3
2026-10-10 13:14:07.899087,4095,3.3
2026-10-10 13:14:08.504747,4095,3.3
2026-10-10 13:14:09.312487,4094,3.299
2026-10-10 13:14:09.921007,4095,3.3
2026-10-10 13:14:10.730381,4093,3.298
2026-10-10 13:14:11.338293,4095,3.3
2026-10-10 13:14:12.148769,4095,3.3
2026-10-10 13:14:12.756514,4095,3.3
2026-10-10 13:14:13.364638,4095,3.3
2026-10-10 13:14:14.181187,4095,3.3
2026-10-10 13:14:14.789700,4095,3.3
2026-10-10 13:14:15.600968,4093,3.298
2026-10-10 13:14:16.207051,4095,3.3
2026-10-10 13:14:17.014906,4095,3.3
2026-10-10 13:14:17.624542,4095,3.3
2026-10-10 13:14:18.440716,4095,3.3
2026-10-10 13:14:19.052496,4095,3.3
2026-10-10 13:14:19.864773,4095,3.3
2026-10-10 13:14:20.474523,4095,3.3
2026-10-10 13:14:21.285619,4095,3.3
2026-10-10 13:14:21.892573,4095,3.3
2026-10-10 13:14:22.704023,4095,3.3
2026-10-10 13:14:23.315841,4095,3.3
2026-10-10 13:14:23.925274,4095,3.3
2026-10-10 13:14:24.734558,4095,3.3
2026-10-10 13:14:25.343690,4093,3.298
2026-10-10 13:14:26.153882,4095,3.3
2026-10-10 13:14:26.760635,4095,3.3
2026-10-10 13:14:27.573114,4095,3.3
2026-10-10 13:14:28.183970,4095,3.3
2026-10-10 13:14:28.991899,4093,3.298
2026-10-10 13:14:29.604389,4095,3.3
2026-10-10 13:14:30.419104,4094,3.299
2026-10-10 13:14:31.026007,4094,3.299
2026-10-10 13:14:31.833390,4095,3.3
2026-10-10 13:14:32.442330,4095,3.3
2026-10-10 13:14:33.256514,4095,3.3
2026-10-10 13:14:33.879658,4095,3.3
2026-10-10 13:14:34.492391,4095,3.3
2026-10-10 13:14:35.313495,4094,3.299
2026-10-10 13:14:35.919001,4094,3.299
2026-10-10 13:14:36.731495,4093,3.298
2026-10-10 13:14:37.336585,4091,3.297
2026-10-10 13:14:38.143568,4095,3.3
2026-10-10 13:14:38.754835,4095,3.3
2026-10-10 13:14:39.561437,4093,3.298
2026-10-10 13:14:40.169194,4095,3.3
2026-10-10 13:14:40.981133,4095,3.3
2026-10-10 13:14:41.591711,4095,3.3
2026-10-10 13:14:42.406705,4095,3.3
2026-10-10 13:14:43.013798,4095,3.3
2026-10-10 13:14:43.829797,4095,3.3
2026-10-10 13:14:44.438668,4095,3.3
2026-10-10 13:14:45.248762,4095,3.3
2026-10-10 13:14:45.858037,4095,3.3
2026-10-10 13:14:46.470657,4093,3.298
2026-10-10 13:14:47.291541,4093,3.298
2026-10-10 13:14:47.895143,4093,3.298
2026-10-10 13:14:48.707033,4093,3.298
2026-10-10 13:14:49.314310,4095,3.3
2026-10-10 13:14:50.123444,4095,3.3
2026-10-10 13:14:50.730666,4095,3.3
2026-10-10 13:14:51.543827,4095,3.3
2026-10-10 13:14:52.149514,4095,3.3
2026-10-10 13:14:52.958322,4095,3.3
2026-10-10 13:14:53.570488,4094,3.299
2026-10-10 13:14:54.381376,4094,3.299
2026-10-10 13:14:54.987392,4095,3.3
2026-10-10 13:14:55.797144,4093,3.298
2026-10-10 13:14:56.406427,4095,3.3
2026-10-10 13:14:57.217398,4095,3.3
2026-10-10 13:14:57.824334,4095,3.3
2026-10-10 13:14:58.636484,4095,3.3
2026-10-10 13:14:59.247992,4095,3.3
2026-10-10 13:14:59.857191,4095,3.3
2026-10-10 13:15:00.667167,4095,3.3
2026-10-10 13:15:01.274380,4095,3.3
2026-10-10 13:15:02.086721,4095,3.3
2026-10-10 13:15:02.695756,4095,3.3
2026-10-10 13:15:03.513025,4095,3.3
2026-10-10 13:15:04.121549,4095,3.3
2026-10-10 13:15:04.929259,4095,3.3
2026-10-10 13:15:05.539320,4095,3.3
2026-10-10 13:15:06.351070,4095,3.3
2026-10-10 13:15:06.960392,4094,3.299
2026-10-10 13:15:07.769108,4095,3.3
2026-10-10 13:15:08.377384,4095,3.3
2026-10-10 13:15:09.193283,4092,3.298
2026-10-10 13:15:09.796288,4095,3.3
2026-10-10 13:15:10.605117,4095,3.3
2026-10-10 13:15:11.215798,4095,3.3
2026-10-10 13:15:11.827980,4094,3.299
2026-10-10 13:15:12.649367,4093,3.298
2026-10-10 13:15:13.258739,4094,3.299
2026-10-10 13:15:14.069132,4095,3.3
2026-10-10 13:15:14.678597,4093,3.298
2026-10-10 13:15:15.489486,4095,3.3
2026-10-10 13:15:16.093744,4095,3.3
2026-10-10 13:15:16.907545,4095,3.3
2026-10-10 13:15:17.514461,4095,3.3
2026-10-10 13:15:18.325615,4093,3.298
2026-10-10 13:15:18.933525,4095,3.3
2026-10-10 13:15:19.744024,4095,3.3
2026-10-10 13:15:20.351477,4095,3.3
2026-10-10 13:15:21.165631,4095,3.3
2026-10-10 13:15:21.773031,4095,3.3
2026-10-10 13:15:22.585336,4095,3.3
2026-10-10 13:15:23.194319,4095,3.3
2026-10-10 13:15:23.803475,4095,3.3
2026-10-10 13:15:24.617912,4092,3.298
2026-10-10 13:15:25.229686,4095,3.3
2026-10-10 13:15:26.040156,4095,3.3
2026-10-10 13:15:26.648128,4095,3.3
2026-10-10 13:15:27.458920,4095,3.3
2026-10-10 13:15:28.067968,4094,3.299
2026-10-10 13:15:28.877998,4095,3.3
2026-10-10 13:15:29.482180,4095,3.3
2026-10-10 13:15:30.293521,4095,3.3
2026-10-10 13:15:30.906239,4095,3.3
2026-10-10 13:15:31.716370,4095,3.3
2026-10-10 13:15:32.322977,4093,3.298
2026-10-10 13:15:33.133521,4095,3.3
2026-10-10 13:15:33.740084,4094,3.299
2026-10-10 13:15:34.351633,4094,3.299
2026-10-10 13:15:35.173580,4095,3.3
2026-10-10 13:15:35.783484,4093,3.298
2026-10-10 13:15:36.593744,4095,3.3
2026-10-10 13:15:37.204434,4095,3.3
2026-10-10 13:15:38.016483,4095,3.3
2026-10-10 13:15:38.622561,4095,3.3
2026-10-10 13:15:39.436048,4093,3.298
2026-10-10 13:15:40.040622,4093,3.298
2026-10-10 13:15:40.856598,4095,3.3
2026-10-10 13:15:41.465159,4093,3.298
2026-10-10 13:15:42.275371,4093,3.298
2026-10-10 13:15:42.885518,4095,3.3
2026-10-10 13:15:43.697667,4093,3.298
2026-10-10 13:15:44.308825,4095,3.3
2026-10-10 13:15:44.916710,4095,3.3
2026-10-10 13:15:45.724956,4095,3.3
2026-10-10 13:15:46.331543,4095,3.3
2026-10-10 13:15:47.143513,4095,3.3
2026-10-10 13:15:47.750817,4094,3.299
2026-10-10 13:15:48.559188,4094,3.299
2026-10-10 13:15:49.169426,4095,3.3
2026-10-10 13:15:49.981078,4094,3.299
2026-10-10 13:15:50.593274,4094,3.299
2026-10-10 13:15:51.402866,4095,3.3
2026-10-10 13:15:52.010283,4095,3.3
2026-10-10 13:15:52.818187,4095,3.3
2026-10-10 13:15:53.424322,4095,3.3
2026-10-10 13:15:54.235033,4095,3.3
2026-10-10 13:15:54.842734,4095,3.3
2026-10-10 13:15:55.656847,4095,3.3
2026-10-10 13:15:56.265684,4095,3.3
2026-10-10 13:15:56.873498,4093,3.298
2026-10-10 13:15:57.678013,4095,3.3
2026-10-10 13:15:58.286756,4093,3.298
2026-10-10 13:15:59.092800,4095,3.3
2026-10-10 13:15:59.699768,4095,3.3
2026-10-10 13:16:00.508567,4095,3.3
2026-10-10 13:16:01.118736,4095,3.3
2026-10-10 13:16:01.931115,4095,3.3
2026-10-10 13:16:02.539973,4095,3.3
2026-10-10 13:16:03.349433,4095,3.3
2026-10-10 13:16:03.957851,4093,3.298
2026-10-10 13:16:04.769343,4095,3.3
2026-10-10 13:16:05.376074,4095,3.3
2026-10-10 13:16:06.194460,4095,3.3
2026-10-10 13:16:06.797910,4093,3.298
2026-10-10 13:16:07.485401,4094,3.299
2026-10-10 13:16:08.297100,4094,3.299
2026-10-10 13:16:08.904296,4095,3.3
2026-10-10 13:16:09.713056,4095,3.3
2026-10-10 13:16:10.319792,4095,3.3
2026-10-10 13:16:11.129497,4093,3.298
2026-10-10 13:16:11.736375,4095,3.3
2026-10-10 13:16:12.348340,4095,3.3
2026-10-10 13:16:13.171912,4095,3.3
2026-10-10 13:16:13.784527,4095,3.3
2026-10-10 13:16:14.595263,4094,3.299
2026-10-10 13:16:15.201998,4095,3.3
2026-10-10 13:16:16.019653,4095,3.3
2026-10-10 13:16:16.627584,4095,3.3
2026-10-10 13:16:17.440875,4095,3.3
2026-10-10 13:16:18.052176,4095,3.3
2026-10-10 13:16:18.863302,4094,3.299
2026-10-10 13:16:19.474997,4095,3.3
2026-10-10 13:16:20.286275,4095,3.3
2026-10-10 13:16:20.895274,4093,3.298
2026-10-10 13:16:21.501262,4093,3.298
2026-10-10 13:16:22.309821,4095,3.3
2026-10-10 13:16:22.915104,4095,3.3
2026-10-10 13:16:23.722749,4095,3.3
2026-10-10 13:16:24.332542,4095,3.3
2026-10-10 13:16:25.141483,4093,3.298
2026-10-10 13:16:25.752867,4095,3.3
2026-10-10 13:16:26.567840,4095,3.3
2026-10-10 13:16:27.172053,4093,3.298
2026-10-10 13:16:27.981285,4095,3.3
2026-10-10 13:16:28.588585,4094,3.299
2026-10-10 13:16:29.400646,4095,3.3
2026-10-10 13:16:30.009752,4095,3.3
2026-10-10 13:16:30.819575,4095,3.3
2026-10-10 13:16:31.430621,4095,3.3
2026-10-10 13:16:32.246850,4095,3.3
2026-10-10 13:16:32.857474,4095,3.3
2026-10-10 13:16:33.470201,4095,3.3
2026-10-10 13:16:34.275796,4095,3.3
2026-10-10 13:16:34.884822,4095,3.3
2026-10-10 13:16:35.696171,4093,3.298
2026-10-10 13:16:36.306979,4095,3.3
2026-10-10 13:16:37.113547,4093,3.298
2026-10-10 13:16:37.724493,4095,3.3
2026-10-10 13:16:38.535703,4095,3.3
2026-10-10 13:16:39.140454,4095,3.3
2026-10-10 13:16:39.950508,4095,3.3
2026-10-10 13:16:40.557494,4095,3.3
2026-10-10 13:16:41.366021,4095,3.3
2026-10-10 13:16:41.978242,4095,3.3
2026-10-10 13:16:42.794843,4095,3.3
2026-10-10 13:16:43.402247,4095,3.3
2026-10-10 13:16:44.215105,4095,3.3
2026-10-10 13:16:44.822442,4095,3.3
2026-10-10 13:16:45.631629,4095,3.3
2026-10-10 13:16:46.244544,4093,3.298
2026-10-10 13:16:46.852171,4095,3.3
2026-10-10 13:16:47.664396,4095,3.3
2026-10-10 13:16:48.273874,4095,3.3
2026-10-10 13:16:49.087282,4095,3.3
2026-10-10 13:16:49.699895,4095,3.3
2026-10-10 13:16:50.512405,4093,3.298
2026-10-10 13:16:51.123862,4095,3.3
2026-10-10 13:16:51.933075,4095,3.3
2026-10-10 13:16:52.545306,4095,3.3
2026-10-10 13:16:53.354361,4095,3.3
2026-10-10 13:16:53.962693,4095,3.3
2026-10-10 13:16:54.774594,4095,3.3
2026-10-10 13:16:55.383633,4095,3.3
2026-10-10 13:16:56.196367,4095,3.3
2026-10-10 13:16:56.803265,4095,3.3
2026-10-10 13:16:57.414185,4095,3.3
2026-10-10 13:16:58.228943,4095,3.3
2026-10-10 13:16:58.838425,4095,3.3
2026-10-10 13:16:59.648831,4095,3.3
2026-10-10 13:17:00.259294,4095,3.3
2026-10-10 13:17:01.074509,4093,3.298
2026-10-10 13:17:01.678161,4095,3.3
2026-10-10 13:17:02.495165,4094,3.299
2026-10-10 13:17:03.107374,4095,3.3
2026-10-10 13:17:03.916354,4095,3.3
2026-10-10 13:17:04.521944,4095,3.3
2026-10-10 13:17:05.335153,4095,3.3
2026-10-10 13:17:05.945366,4095,3.3
2026-10-10 13:17:06.557368,4095,3.3
2026-10-10 13:17:07.376867,4093,3.298
2026-10-10 13:17:07.983651,4095,3.3
2026-10-10 13:17:08.795913,4094,3.299
2026-10-10 13:17:09.406799,4093,3.298
2026-10-10 13:17:10.217432,4094,3.299
2026-10-10 13:17:10.826429,4095,3.3
2026-10-10 13:17:11.636194,4093,3.298
2026-10-10 13:17:12.246799,4095,3.3
2026-10-10 13:17:13.064783,4094,3.299
2026-10-10 13:17:13.674208,4095,3.3
2026-10-10 13:17:14.488565,4095,3.3
2026-10-10 13:17:15.095168,4093,3.298
2026-10-10 13:17:15.904604,4093,3.298
2026-10-10 13:17:16.512930,4094,3.299
2026-10-10 13:17:17.120687,4095,3.3
2026-10-10 13:17:17.933454,4095,3.3
2026-10-10 13:17:18.540976,4095,3.3
2026-10-10 13:17:19.353932,4095,3.3
2026-10-10 13:17:19.958568,4095,3.3
2026-10-10 13:17:20.767021,4093,3.298
2026-10-10 13:17:21.375664,4095,3.3
2026-10-10 13:17:22.192000,4093,3.298
2026-10-10 13:17:22.799770,4095,3.3
2026-10-10 13:17:23.611073,4095,3.3
2026-10-10 13:17:24.221718,4093,3.298
2026-10-10 13:17:25.031690,4095,3.3
2026-10-10 13:17:25.642708,4095,3.3
2026-10-10 13:17:26.452223,4095,3.3
2026-10-10 13:17:27.064236,4095,3.3
2026-10-10 13:17:27.674208,4095,3.3
2026-10-10 13:17:28.500031,4095,3.3
2026-10-10 13:17:29.107626,4093,3.298
2026-10-10 13:17:29.918664,4095,3.3
2026-10-10 13:17:30.527834,4093,3.298
2026-10-10 13:17:31.340743,4095,3.3
2026-10-10 13:17:31.949939,4095,3.3
2026-10-10 13:17:32.758417,4095,3.3
2026-10-10 13:17:33.369068,4095,3.3
2026-10-10 13:17:34.180885,4095,3.3
2026-10-10 13:17:34.787697,4093,3.298
2026-10-10 13:17:35.597951,4095,3.3
2026-10-10 13:17:36.205229,4095,3.3
2026-10-10 13:17:37.017850,4095,3.3
2026-10-10 13:17:37.620015,4093,3.298
2026-10-10 13:17:38.432025,4093,3.298
2026-10-10 13:17:39.038371,4095,3.3
2026-10-10 13:17:39.645127,4095,3.3
2026-10-10 13:17:40.456654,4095,3.3
2026-10-10 13:17:41.064181,4095,3.3
2026-10-10 13:17:41.871285,4094,3.299
2026-10-10 13:17:42.478806,4095,3.3
2026-10-10 13:17:43.287408,4095,3.3
2026-10-10 13:17:43.898042,4095,3.3
2026-10-10 13:17:44.710487,4095,3.3
2026-10-10 13:17:45.316496,4094,3.299
2026-10-10 13:17:46.136661,4093,3.298
2026-10-10 13:17:46.747966,4093,3.298
2026-10-10 13:17:47.559971,4095,3.3
2026-10-10 13:17:48.168309,4093,3.298
2026-10-10 13:17:48.981431,4095,3.3
2026-10-10 13:17:49.588313,4093,3.298
2026-10-10 13:17:50.398905,4095,3.3
2026-10-10 13:17:51.019672,4095,3.3
2026-10-10 13:17:51.627286,4093,3.298
2026-10-10 13:17:52.436466,4094,3.299
2026-10-10 13:17:53.042676,4093,3.298
2026-10-10 13:17:53.853775,4095,3.3
2026-10-10 13:17:54.462402,4095,3.3
2026-10-10 13:17:55.274512,4095,3.3
2026-10-10 13:17:55.882278,4095,3.3
2026-10-10 13:17:56.693034,4093,3.298
2026-10-10 13:17:57.298096,4095,3.3
2026-10-10 13:17:58.105078,4095,3.3
2026-10-10 13:17:58.710193,4095,3.3
2026-10-10 13:17:59.522843,4094,3.299
2026-10-10 13:18:00.130697,4095,3.3
2026-10-10 13:18:00.941047,4095,3.3
2026-10-10 13:18:01.553720,4095,3.3
2026-10-10 13:18:02.371697,4093,3.298
2026-10-10 13:18:02.981531,4095,3.3
2026-10-10 13:18:03.589583,4095,3.3
2026-10-10 13:18:04.399229,4095,3.3
2026-10-10 13:18:05.016973,4095,3.3
2026-10-10 13:18:05.827804,4095,3.3
2026-10-10 13:18:06.433622,4095,3.3
2026-10-10 13:18:07.244678,4094,3.299
2026-10-10 13:18:07.850890,4095,3.3
2026-10-10 13:18:08.664591,4095,3.3
2026-10-10 13:18:09.273091,4095,3.3
2026-10-10 13:18:10.083382,4093,3.298
2026-10-10 13:18:10.689950,4095,3.3
2026-10-10 13:18:11.503565,4095,3.3
2026-10-10 13:18:12.111333,4095,3.3
2026-10-10 13:18:12.921956,4095,3.3
2026-10-10 13:18:13.530440,4095,3.3
2026-10-10 13:18:14.144337,4095,3.3
2026-10-10 13:18:14.962532,4093,3.298
2026-10-10 13:18:15.572371,4094,3.299
2026-10-10 13:18:16.380903,4095,3.3
2026-10-10 13:18:16.990133,4095,3.3
2026-10-10 13:18:17.796358,4093,3.298
2026-10-10 13:18:18.401933,4095,3.3
2026-10-10 13:18:19.213195,4095,3.3
2026-10-10 13:18:19.823530,4095,3.3
2026-10-10 13:18:20.631869,4095,3.3
2026-10-10 13:18:21.236828,4095,3.3
2026-10-10 13:18:22.046005,4093,3.298
2026-10-10 13:18:22.659553,4095,3.3
2026-10-10 13:18:23.474173,4093,3.298
2026-10-10 13:18:24.083672,4095,3.3
2026-10-10 13:18:24.898843,4094,3.299
2026-10-10 13:18:25.508569,4093,3.298
2026-10-10 13:18:26.120327,4094,3.299
2026-10-10 13:18:26.941798,4095,3.3
2026-10-10 13:18:27.548766,4095,3.3
2026-10-10 13:18:28.360675,4095,3.3
2026-10-10 13:18:28.975250,4095,3.3
2026-10-10 13:18:29.794116,4094,3.299
2026-10-10 13:18:30.406347,4095,3.3
2026-10-10 13:18:31.221831,4095,3.3
2026-10-10 13:18:31.828408,4095,3.3
2026-10-10 13:18:32.638461,4095,3.3
2026-10-10 13:18:33.248172,4095,3.3
2026-10-10 13:18:33.858299,4095,3.3
2026-10-10 13:18:34.667053,4095,3.3
2026-10-10 13:18:35.278597,4095,3.3
2026-10-10 13:18:36.091814,4095,3.3
2026-10-10 13:18:36.703187,4095,3.3
2026-10-10 13:18:37.509819,4095,3.3
2026-10-10 13:18:38.120335,4095,3.3
2026-10-10 13:18:38.933760,4095,3.3
2026-10-10 13:18:39.544266,4095,3.3
2026-10-10 13:18:40.360107,4095,3.3
2026-10-10 13:18:40.971195,4095,3.3
2026-10-10 13:18:41.787142,4093,3.298
2026-10-10 13:18:42.395279,4095,3.3
2026-10-10 13:18:43.004128,4095,3.3
2026-10-10 13:18:43.813341,4095,3.3
2026-10-10 13:18:44.420815,4095,3.3
2026-10-10 13:18:45.232454,4095,3.3
2026-10-10 13:18:45.839848,4095,3.3
2026-10-10 13:18:46.653928,4095,3.3
2026-10-10 13:18:47.263367,4093,3.298
2026-10-10 13:18:48.073925,4095,3.3
2026-10-10 13:18:48.682703,4095,3.3
2026-10-10 13:18:49.493207,4095,3.3
2026-10-10 13:18:50.100628,4095,3.3
2026-10-10 13:18:50.914284,4095,3.3
2026-10-10 13:18:51.525502,4093,3.298
2026-10-10 13:18:52.337890,4095,3.3
2026-10-10 13:18:52.944447,4095,3.3
2026-10-10 13:18:53.558364,4095,3.3
2026-10-10 13:18:54.383297,4095,3.3
2026-10-10 13:18:54.991665,4093,3.298
2026-10-10 13:18:55.805027,4094,3.299
2026-10-10 13:18:56.414273,4095,3.3
2026-10-10 13:18:57.225292,4095,3.3
2026-10-10 13:18:57.831218,4095,3.3
2026-10-10 13:18:58.644080,4095,3.3
2026-10-10 13:18:59.251982,4095,3.3
2026-10-10 13:19:00.060604,4093,3.298
2026-10-10 13:19:00.668411,4093,3.298
2026-10-10 13:19:01.478734,4095,3.3
2026-10-10 13:19:02.087670,4094,3.299
2026-10-10 13:19:02.901234,4095,3.3
2026-10-10 13:19:03.509354,4095,3.3
2026-10-10 13:19:04.120288,4095,3.3
2026-10-10 13:19:04.947146,4095,3.3
2026-10-10 13:19:05.554764,4095,3.3
2026-10-10 13:19:06.364697,4093,3.298
2026-10-10 13:19:06.970752,4095,3.3
2026-10-10 13:19:07.782045,4095,3.3
2026-10-10 13:19:08.389314,4095,3.3
2026-10-10 13:19:09.199635,4095,3.3
2026-10-10 13:19:09.808661,4095,3.3
2026-10-10 13:19:10.619949,4095,3.3
2026-10-10 13:19:11.230472,4095,3.3
2026-10-10 13:19:12.040932,4095,3.3
2026-10-10 13:19:12.650503,4095,3.3
2026-10-10 13:19:13.461724,4094,3.299
2026-10-10 13:19:14.074959,4095,3.3
2026-10-10 13:19:14.685299,4093,3.298
2026-10-10 13:19:15.504398,4095,3.3
2026-10-10 13:19:16.113138,4095,3.3
2026-10-10 13:19:16.929627,4095,3.3
2026-10-10 13:19:17.540998,4094,3.299
2026-10-10 13:19:18.356386,4095,3.3
2026-10-10 13:19:18.963546,4095,3.3
2026-10-10 13:19:19.775076,4095,3.3
2026-10-10 13:19:20.387051,4095,3.3
2026-10-10 13:19:21.195888,4095,3.3
2026-10-10 13:19:21.808859,4095,3.3
2026-10-10 13:19:22.421614,4095,3.3
2026-10-10 13:19:23.237270,4095,3.3
2026-10-10 13:19:23.847644,4095,3.3
2026-10-10 13:19:24.667562,4094,3.299
2026-10-10 13:19:25.277226,4093,3.298
2026-10-10 13:19:26.089018,4095,3.3
2026-10-10 13:19:26.699404,4095,3.3
2026-10-10 13:19:27.509539,4095,3.3
2026-10-10 13:19:28.122806,4095,3.3
2026-10-10 13:19:28.936161,4095,3.3
2026-10-10 13:19:29.546889,4095,3.3
2026-10-10 13:19:30.156997,4093,3.298
2026-10-10 13:19:30.974640,4095,3.3
2026-10-10 13:19:31.583326,4095,3.3
2026-10-10 13:19:32.396442,4095,3.3
2026-10-10 13:19:33.003172,4095,3.3
2026-10-10 13:19:33.818948,4095,3.3
2026-10-10 13:19:34.435777,4095,3.3
2026-10-10 13:19:35.250561,4095,3.3
2026-10-10 13:19:35.856304,4094,3.299
2026-10-10 13:19:36.669086,4095,3.3
2026-10-10 13:19:37.278538,4095,3.3
2026-10-10 13:19:37.898234,4095,3.3
2026-10-10 13:19:38.706650,4095,3.3
2026-10-10 13:19:39.319523,4095,3.3
2026-10-10 13:19:40.128133,4095,3.3
2026-10-10 13:19:40.738331,4095,3.3
2026-10-10 13:19:41.554378,4095,3.3
2026-10-10 13:19:42.163372,4095,3.3
2026-10-10 13:19:42.978381,4095,3.3
2026-10-10 13:19:43.584258,4095,3.3
2026-10-10 13:19:44.398478,4095,3.3
2026-10-10 13:19:45.006679,4095,3.3
2026-10-10 13:19:45.814404,4095,3.3
2026-10-10 13:19:46.424199,4095,3.3
2026-10-10 13:19:47.233852,4095,3.3
2026-10-10 13:19:47.843296,4095,3.3
2026-10-10 13:19:48.657144,4095,3.3
2026-10-10 13:19:49.269484,4095,3.3
2026-10-10 13:19:49.879950,4095,3.3
2026-10-10 13:19:50.691757,4093,3.298
2026-10-10 13:19:51.300025,4093,3.298
2026-10-10 13:19:52.109708,4095,3.3
2026-10-10 13:19:52.719569,4095,3.3
2026-10-10 13:19:53.530463,4095,3.3
2026-10-10 13:19:54.139326,4095,3.3
2026-10-10 13:19:54.951000,4095,3.3
2026-10-10 13:19:55.560078,4095,3.3
2026-10-10 13:19:56.373536,4095,3.3
2026-10-10 13:19:56.978881,4094,3.299
2026-10-10 13:19:57.788270,4095,3.3
2026-10-10 13:19:58.394567,4095,3.3
2026-10-10 13:19:59.206379,4095,3.3
2026-10-10 13:19:59.813562,4095,3.3
2026-10-10 13:20:00.627388,4095,3.3
2026-10-10 13:20:01.233270,4095,3.3
2026-10-10 13:20:01.842268,4095,3.3
2026-10-10 13:20:02.654312,4094,3.299
2026-10-10 13:20:03.262964,4095,3.3
2026-10-10 13:20:04.072570,4095,3.3
2026-10-10 13:20:04.680572,4095,3.3
2026-10-10 13:20:05.494177,4093,3.298
2026-10-10 13:20:06.102813,4095,3.3
2026-10-10 13:20:06.914268,4095,3.3
2026-10-10 13:20:07.522881,4095,3.3
2026-10-10 13:20:08.332739,4095,3.3
2026-10-10 13:20:08.940415,4095,3.3
2026-10-10 13:20:09.750871,4095,3.3
2026-10-10 13:20:10.364374,4095,3.3
2026-10-10 13:20:11.178999,4095,3.3
2026-10-10 13:20:11.785037,4095,3.3
2026-10-10 13:20:12.598394,4095,3.3
2026-10-10 13:20:13.205882,4095,3.3
2026-10-10 13:20:13.815672,4095,3.3
2026-10-10 13:20:14.626063,4095,3.3
2026-10-10 13:20:15.234716,4095,3.3
2026-10-10 13:20:16.046704,4095,3.3
2026-10-10 13:20:16.652277,4095,3.3
2026-10-10 13:20:17.460940,4094,3.299
2026-10-10 13:20:18.070563,4095,3.3
2026-10-10 13:20:18.883605,4095,3.3
2026-10-10 13:20:19.491263,4095,3.3
2026-10-10 13:20:20.302942,4094,3.299
2026-10-10 13:20:20.911581,4095,3.3
2026-10-10 13:20:21.722593,4094,3.299
2026-10-10 13:20:22.331982,4093,3.298
2026-10-10 13:20:23.140819,4093,3.298
2026-10-10 13:20:23.754377,4095,3.3
2026-10-10 13:20:24.566442,4095,3.3
2026-10-10 13:20:25.173305,4095,3.3
2026-10-10 13:20:25.781294,4095,3.3
2026-10-10 13:20:26.591926,4093,3.298
2026-10-10 13:20:27.201040,4094,3.299
2026-10-10 13:20:28.011375,4095,3.3
2026-10-10 13:20:28.618822,4095,3.3
2026-10-10 13:20:29.426693,4095,3.3
2026-10-10 13:20:30.034005,4093,3.298
2026-10-10 13:20:30.842647,4095,3.3
2026-10-10 13:20:31.449078,4095,3.3
2026-10-10 13:20:32.259856,4095,3.3
2026-10-10 13:20:32.867454,4095,3.3
2026-10-10 13:20:33.680120,4095,3.3
2026-10-10 13:20:34.289279,4095,3.3
2026-10-10 13:20:35.097975,4093,3.298
2026-10-10 13:20:35.708995,4093,3.298
2026-10-10 13:20:36.518880,4095,3.3
2026-10-10 13:20:37.129188,4095,3.3
2026-10-10 13:20:37.740244,4095,3.3
2026-10-10 13:20:38.548783,4095,3.3
2026-10-10 13:20:39.158186,4095,3.3
2026-10-10 13:20:39.967346,4095,3.3
2026-10-10 13:20:40.576584,4095,3.3
2026-10-10 13:20:41.388368,4095,3.3
2026-10-10 13:20:41.999612,4095,3.3
2026-10-10 13:20:42.811245,4095,3.3
2026-10-10 13:20:43.417597,4095,3.3
2026-10-10 13:20:44.230411,4094,3.299
2026-10-10 13:20:44.839899,4095,3.3
2026-10-10 13:20:45.653603,4095,3.3
2026-10-10 13:20:46.260443,4095,3.3
2026-10-10 13:20:47.071435,4095,3.3
2026-10-10 13:20:47.679217,4093,3.298
2026-10-10 13:20:48.493850,4095,3.3
2026-10-10 13:20:49.102526,4095,3.3
2026-10-10 13:20:49.709617,4095,3.3
2026-10-10 13:20:50.520509,4093,3.298
2026-10-10 13:20:51.129547,4095,3.3
2026-10-10 13:20:51.938303,4095,3.3
2026-10-10 13:20:52.547387,4095,3.3
2026-10-10 13:20:53.358858,4093,3.298
2026-10-10 13:20:53.961773,4095,3.3
2026-10-10 13:20:54.782638,4095,3.3
2026-10-10 13:20:55.390870,4093,3.298
2026-10-10 13:20:56.204629,4093,3.298
2026-10-10 13:20:56.813000,4095,3.3
2026-10-10 13:20:57.634720,4095,3.3
2026-10-10 13:20:58.242912,4095,3.3
2026-10-10 13:20:58.854300,4095,3.3
2026-10-10 13:20:59.676232,4095,3.3
2026-10-10 13:21:00.288407,4095,3.3
2026-10-10 13:21:01.098199,4095,3.3
2026-10-10 13:21:01.704624,4095,3.3
2026-10-10 13:21:02.515388,4094,3.299
2026-10-10 13:21:03.123038,4095,3.3
2026-10-10 13:21:03.937640,4095,3.3
2026-10-10 13:21:04.547070,4093,3.298
2026-10-10 13:21:05.358916,4093,3.298
2026-10-10 13:21:05.967674,4093,3.298
2026-10-10 13:21:06.775401,4095,3.3
2026-10-10 13:21:07.383763,4095,3.3
2026-10-10 13:21:08.194767,4095,3.3
2026-10-10 13:21:08.805293,4095,3.3
2026-10-10 13:21:09.412322,4095,3.3
2026-10-10 13:21:10.219262,4095,3.3
2026-10-10 13:21:10.824921,4095,3.3
2026-10-10 13:21:11.638577,4095,3.3
2026-10-10 13:21:12.249465,4095,3.3
2026-10-10 13:21:13.057045,4094,3.299
2026-10-10 13:21:13.664034,4095,3.3
2026-10-10 13:21:14.475696,4095,3.3
2026-10-10 13:21:15.084692,4095,3.3
2026-10-10 13:21:15.896476,4093,3.298
2026-10-10 13:21:16.507097,4095,3.3
2026-10-10 13:21:17.317415,4095,3.3
2026-10-10 13:21:17.927228,4095,3.3
2026-10-10 13:21:18.737871,4095,3.3
2026-10-10 13:21:19.345683,4095,3.3
2026-10-10 13:21:20.158506,4095,3.3
2026-10-10 13:21:20.766668,4095,3.3
2026-10-10 13:21:21.374745,4094,3.299
2026-10-10 13:21:22.187497,4093,3.298
2026-10-10 13:21:22.796162,4095,3.3
2026-10-10 13:21:23.605043,4095,3.3
2026-10-10 13:21:24.213624,4094,3.299
2026-10-10 13:21:25.027410,4095,3.3
2026-10-10 13:21:25.634957,4095,3.3
2026-10-10 13:21:26.449713,4095,3.3
2026-10-10 13:21:27.053515,4094,3.299
2026-10-10 13:21:27.867957,4095,3.3
2026-10-10 13:21:28.473779,4094,3.299
2026-10-10 13:21:29.286982,4095,3.3
2026-10-10 13:21:29.899358,4094,3.299
2026-10-10 13:21:30.711739,4095,3.3
2026-10-10 13:21:31.320895,4093,3.298
2026-10-10 13:21:32.131559,4095,3.3
2026-10-10 13:21:32.740340,4095,3.3
2026-10-10 13:21:33.350710,4095,3.3
2026-10-10 13:21:34.159594,4095,3.3
2026-10-10 13:21:34.770572,4095,3.3
2026-10-10 13:21:35.579124,4095,3.3
2026-10-10 13:21:36.186494,4095,3.3
2026-10-10 13:21:36.994742,4095,3.3
2026-10-10 13:21:37.602300,4093,3.298
2026-10-10 13:21:38.412308,4095,3.3
2026-10-10 13:21:39.017347,4095,3.3
2026-10-10 13:21:39.823228,4095,3.3
2026-10-10 13:21:40.431215,4095,3.3
2026-10-10 13:21:41.247415,4095,3.3
2026-10-10 13:21:41.854768,4095,3.3
2026-10-10 13:21:42.667499,4093,3.298
2026-10-10 13:21:43.276374,4095,3.3
2026-10-10 13:21:44.085667,4095,3.3
2026-10-10 13:21:44.692122,4093,3.298
2026-10-10 13:21:45.505461,4095,3.3
2026-10-10 13:21:46.115879,4095,3.3
2026-10-10 13:21:46.723558,4095,3.3
2026-10-10 13:21:47.533095,4095,3.3
2026-10-10 13:21:48.156376,4095,3.3
2026-10-10 13:21:48.964931,4093,3.298
2026-10-10 13:21:49.572320,4095,3.3
2026-10-10 13:21:50.384211,4095,3.3
2026-10-10 13:21:50.994847,4094,3.299
2026-10-10 13:21:51.804847,4095,3.3
2026-10-10 13:21:52.413846,4095,3.3
2026-10-10 13:21:53.227861,4095,3.3
2026-10-10 13:21:53.833854,4095,3.3
2026-10-10 13:21:54.644771,4095,3.3
2026-10-10 13:21:55.251464,4094,3.299
2026-10-10 13:21:55.864143,4095,3.3
2026-10-10 13:21:56.676156,4095,3.3
2026-10-10 13:21:57.282470,4095,3.3
2026-10-10 13:21:58.093768,4095,3.3
2026-10-10 13:21:58.702358,4095,3.3
2026-10-10 13:21:59.512183,4095,3.3
2026-10-10 13:22:00.119015,4089,3.295
2026-10-10 13:22:00.926337,4093,3.298
2026-10-10 13:22:01.535656,4095,3.3
2026-10-10 13:22:02.345866,4094,3.299
2026-10-10 13:22:02.956473,4095,3.3
2026-10-10 13:22:03.768167,4095,3.3
2026-10-10 13:22:04.373088,4095,3.3
2026-10-10 13:22:05.182602,4094,3.299
2026-10-10 13:22:05.791392,4095,3.3
2026-10-10 13:22:06.602318,4095,3.3
2026-10-10 13:22:07.210186,4093,3.298
2026-10-10 13:22:07.821223,4095,3.3
2026-10-10 13:22:08.643750,4095,3.3
2026-10-10 13:22:09.255455,4095,3.3
2026-10-10 13:22:10.063325,4095,3.3
2026-10-10 13:22:10.671245,4095,3.3
2026-10-10 13:22:11.481643,4095,3.3
2026-10-10 13:22:12.094410,4094,3.299
2026-10-10 13:22:12.902830,4094,3.299
2026-10-10 13:22:13.516048,4095,3.3
2026-10-10 13:22:14.329698,4095,3.3
2026-10-10 13:22:14.938079,4093,3.298
2026-10-10 13:22:15.752424,4093,3.298
2026-10-10 13:22:16.360148,4095,3.3
2026-10-10 13:22:16.970332,4095,3.3
2026-10-10 13:22:17.781004,4093,3.298
2026-10-10 13:22:18.387388,4091,3.297
2026-10-10 13:22:19.198923,4095,3.3
2026-10-10 13:22:19.806718,4095,3.3
2026-10-10 13:22:20.618457,4095,3.3
2026-10-10 13:22:21.227733,4095,3.3
2026-10-10 13:22:22.038073,4095,3.3
2026-10-10 13:22:22.648277,4093,3.298
2026-10-10 13:22:23.460321,4091,3.297
2026-10-10 13:22:24.067717,4095,3.3
2026-10-10 13:22:24.880041,4095,3.3
2026-10-10 13:22:25.489421,4095,3.3
2026-10-10 13:22:26.301162,4095,3.3
2026-10-10 13:22:26.908033,4095,3.3
2026-10-10 13:22:27.519203,4093,3.298
2026-10-10 13:22:28.343282,4095,3.3
2026-10-10 13:22:28.951185,4094,3.299
2026-10-10 13:22:29.760177,4095,3.3
2026-10-10 13:22:30.368154,4095,3.3
2026-10-10 13:22:31.180705,4095,3.3
2026-10-10 13:22:31.789303,4095,3.3
2026-10-10 13:22:32.600169,4093,3.298
2026-10-10 13:22:33.209349,4094,3.299
2026-10-10 13:22:34.018396,4095,3.3
2026-10-10 13:22:34.628379,4089,3.295
2026-10-10 13:22:35.439504,4095,3.3
2026-10-10 13:22:36.049732,4095,3.3
2026-10-10 13:22:36.860665,4095,3.3
2026-10-10 13:22:37.470874,4095,3.3
2026-10-10 13:22:38.078748,4093,3.298
2026-10-10 13:22:38.890102,4095,3.3
2026-10-10 13:22:39.501711,4095,3.3
2026-10-10 13:22:40.314573,4095,3.3
2026-10-10 13:22:40.926912,4095,3.3
2026-10-10 13:22:41.734008,4095,3.3
2026-10-10 13:22:42.343921,4095,3.3
2026-10-10 13:22:43.152470,4093,3.298
2026-10-10 13:22:43.759793,4095,3.3
2026-10-10 13:22:44.571402,4094,3.299
2026-10-10 13:22:45.182275,4095,3.3
2026-10-10 13:22:45.990904,4093,3.298
2026-10-10 13:22:46.597910,4094,3.299
2026-10-10 13:22:47.409892,4095,3.3
2026-10-10 13:22:48.019761,4093,3.298
2026-10-10 13:22:48.633454,4093,3.298
2026-10-10 13:22:49.443958,4095,3.3
2026-10-10 13:22:50.052437,4095,3.3
2026-10-10 13:22:50.861233,4095,3.3
2026-10-10 13:22:51.471060,4095,3.3
2026-10-10 13:22:52.281787,4095,3.3
2026-10-10 13:22:52.892982,4095,3.3
2026-10-10 13:22:53.706607,4094,3.299
2026-10-10 13:22:54.315323,4095,3.3
2026-10-10 13:22:55.126375,4093,3.298
2026-10-10 13:22:55.735847,4095,3.3
2026-10-10 13:22:56.544837,4095,3.3
2026-10-10 13:22:57.150314,4089,3.295
2026-10-10 13:22:57.964004,4095,3.3
2026-10-10 13:22:58.573893,4095,3.3
2026-10-10 13:22:59.389433,4095,3.3
2026-10-10 13:23:00.000740,4095,3.3
2026-10-10 13:23:00.608737,4095,3.3
2026-10-10 13:23:01.425395,4094,3.299
2026-10-10 13:23:02.030680,4093,3.298
2026-10-10 13:23:02.843126,4093,3.298
2026-10-10 13:23:03.450655,4095,3.3
2026-10-10 13:23:04.261307,4095,3.3
2026-10-10 13:23:04.869503,4095,3.3
2026-10-10 13:23:05.680435,4094,3.299
2026-10-10 13:23:06.286857,4095,3.3
2026-10-10 13:23:07.096979,4095,3.3
2026-10-10 13:23:07.699935,4095,3.3
2026-10-10 13:23:08.516596,4095,3.3
2026-10-10 13:23:09.123234,4095,3.3
2026-10-10 13:23:09.932182,4095,3.3
2026-10-10 13:23:10.539236,4095,3.3
2026-10-10 13:23:11.150223,4093,3.298
2026-10-10 13:23:11.984486,4095,3.3
2026-10-10 13:23:12.592138,4095,3.3
2026-10-10 13:23:13.402791,4095,3.3
2026-10-10 13:23:14.008783,4095,3.3
2026-10-10 13:23:14.820832,4095,3.3
2026-10-10 13:23:15.426804,4094,3.299
2026-10-10 13:23:16.236569,4095,3.3
2026-10-10 13:23:16.842330,4095,3.3
2026-10-10 13:23:17.652038,4095,3.3
2026-10-10 13:23:18.261981,4094,3.299
2026-10-10 13:23:19.074423,4095,3.3
2026-10-10 13:23:19.685753,4095,3.3
2026-10-10 13:23:20.307233,4093,3.298
2026-10-10 13:23:21.113229,4095,3.3
2026-10-10 13:23:21.721815,4095,3.3
2026-10-10 13:23:22.538845,4095,3.3
2026-10-10 13:23:23.150883,4095,3.3
2026-10-10 13:23:23.960264,4095,3.3
2026-10-10 13:23:24.568869,4095,3.3
2026-10-10 13:23:25.383666,4094,3.299
2026-10-10 13:23:25.992120,4094,3.299
2026-10-10 13:23:26.800442,4095,3.3
2026-10-10 13:23:27.408351,4093,3.298
2026-10-10 13:23:28.222978,4095,3.3
2026-10-10 13:23:28.830286,4095,3.3
2026-10-10 13:23:29.443388,4095,3.3
2026-10-10 13:23:30.263041,4095,3.3
2026-10-10 13:23:30.870656,4095,3.3
2026-10-10 13:23:31.682002,4095,3.3
2026-10-10 13:23:32.290142,4095,3.3
2026-10-10 13:23:33.098172,4095,3.3
2026-10-10 13:23:33.707808,4095,3.3
2026-10-10 13:23:34.521828,4094,3.299
2026-10-10 13:23:35.126855,4093,3.298
2026-10-10 13:23:35.938792,4094,3.299
2026-10-10 13:23:36.550664,4095,3.3
2026-10-10 13:23:37.356580,4095,3.3
2026-10-10 13:23:37.961137,4095,3.3
2026-10-10 13:23:38.772476,4095,3.3
2026-10-10 13:23:39.384412,4094,3.299
2026-10-10 13:23:39.999137,4095,3.3
2026-10-10 13:23:40.809225,4095,3.3
2026-10-10 13:23:41.417671,4095,3.3
2026-10-10 13:23:42.230915,4095,3.3
2026-10-10 13:23:42.837162,4095,3.3
2026-10-10 13:23:43.650912,4095,3.3
2026-10-10 13:23:44.261932,4095,3.3
2026-10-10 13:23:45.077423,4095,3.3
2026-10-10 13:23:45.685478,4095,3.3
2026-10-10 13:23:46.493340,4095,3.3
2026-10-10 13:23:47.102721,4095,3.3
2026-10-10 13:23:47.913541,4093,3.298
2026-10-10 13:23:48.520119,4093,3.298
2026-10-10 13:23:49.333367,4095,3.3
2026-10-10 13:23:49.944119,4095,3.3
2026-10-10 13:23:50.557168,4095,3.3
2026-10-10 13:23:51.377864,4093,3.298
2026-10-10 13:23:51.985710,4095,3.3
2026-10-10 13:23:52.799360,4095,3.3
2026-10-10 13:23:53.411130,4095,3.3
2026-10-10 13:23:54.226477,4094,3.299
2026-10-10 13:23:54.836656,4095,3.3
2026-10-10 13:23:55.644794,4095,3.3
2026-10-10 13:23:56.252057,4095,3.3
2026-10-10 13:23:57.062268,4095,3.3
2026-10-10 13:23:57.669858,4094,3.299
2026-10-10 13:23:58.482373,4095,3.3
2026-10-10 13:23:59.090229,4095,3.3
2026-10-10 13:23:59.707067,4095,3.3
2026-10-10 13:24:00.531783,4095,3.3
2026-10-10 13:24:01.137560,4095,3.3
2026-10-10 13:24:01.947752,4095,3.3
2026-10-10 13:24:02.553358,4095,3.3
2026-10-10 13:24:03.365181,4095,3.3
2026-10-10 13:24:03.974235,4095,3.3
2026-10-10 13:24:04.785338,4095,3.3
2026-10-10 13:24:05.392918,4095,3.3
2026-10-10 13:24:06.204346,4095,3.3
2026-10-10 13:24:06.810606,4095,3.3
2026-10-10 13:24:07.625861,4093,3.298
2026-10-10 13:24:08.236914,4095,3.3
2026-10-10 13:24:09.046018,4095,3.3
2026-10-10 13:24:09.655420,4094,3.299
2026-10-10 13:24:10.266524,4095,3.3
2026-10-10 13:24:11.077917,4093,3.298
2026-10-10 13:24:11.686570,4094,3.299
2026-10-10 13:24:12.504071,4093,3.298
2026-10-10 13:24:13.114565,4095,3.3
2026-10-10 13:24:13.927090,4095,3.3
2026-10-10 13:24:14.536965,4095,3.3
2026-10-10 13:24:15.365506,4095,3.3
2026-10-10 13:24:15.976506,4095,3.3
2026-10-10 13:24:16.787650,4095,3.3
2026-10-10 13:24:17.398430,4095,3.3
2026-10-10 13:24:18.020988,4095,3.3
2026-10-10 13:24:18.831983,4095,3.3
2026-10-10 13:24:19.453035,4093,3.298
2026-10-10 13:24:20.264876,4095,3.3
2026-10-10 13:24:20.876827,4094,3.299
2026-10-10 13:24:21.689462,4095,3.3
2026-10-10 13:24:22.296048,4095,3.3
2026-10-10 13:24:23.104397,4095,3.3
2026-10-10 13:24:23.711886,4095,3.3
2026-10-10 13:24:24.526300,4094,3.299
2026-10-10 13:24:25.131537,4095,3.3
2026-10-10 13:24:25.942345,4095,3.3
2026-10-10 13:24:26.550289,4095,3.3
2026-10-10 13:24:27.159540,4095,3.3
2026-10-10 13:24:27.970161,4095,3.3
2026-10-10 13:24:28.580408,4095,3.3
2026-10-10 13:24:29.393607,4093,3.298
2026-10-10 13:24:30.000254,4095,3.3
2026-10-10 13:24:30.816012,4094,3.299
2026-10-10 13:24:31.420945,4095,3.3
2026-10-10 13:24:32.228561,4095,3.3
2026-10-10 13:24:32.835074,4095,3.3
2026-10-10 13:24:33.646140,4095,3.3
2026-10-10 13:24:34.253219,4095,3.3
2026-10-10 13:24:35.061588,4095,3.3
2026-10-10 13:24:35.673737,4093,3.298
2026-10-10 13:24:36.485759,4093,3.298
2026-10-10 13:24:37.106199,4095,3.3
2026-10-10 13:24:37.717190,4095,3.3
2026-10-10 13:24:38.525129,4095,3.3
2026-10-10 13:24:39.134841,4095,3.3
2026-10-10 13:24:39.945657,4095,3.3
2026-10-10 13:24:40.556476,4095,3.3
2026-10-10 13:24:41.371667,4095,3.3
2026-10-10 13:24:41.979411,4095,3.3
2026-10-10 13:24:42.791258,4095,3.3
2026-10-10 13:24:43.403799,4095,3.3
2026-10-10 13:24:44.216295,4094,3.299
2026-10-10 13:24:44.823642,4095,3.3
2026-10-10 13:24:45.631678,4093,3.298
2026-10-10 13:24:46.238832,4095,3.3
2026-10-10 13:24:47.051991,4095,3.3
2026-10-10 13:24:47.661790,4095,3.3
2026-10-10 13:24:48.272224,4095,3.3
2026-10-10 13:24:49.080835,4095,3.3
2026-10-10 13:24:49.689622,4095,3.3
2026-10-10 13:24:50.498727,4095,3.3
2026-10-10 13:24:51.107046,4095,3.3
2026-10-10 13:24:51.922002,4093,3.298
2026-10-10 13:24:52.526946,4095,3.3
2026-10-10 13:24:53.339427,4094,3.299
2026-10-10 13:24:53.944727,4095,3.3
2026-10-10 13:24:54.755394,4095,3.3
2026-10-10 13:24:55.378187,4091,3.297
2026-10-10 13:24:56.188632,4095,3.3
2026-10-10 13:24:56.799126,4095,3.3
2026-10-10 13:24:57.604598,4093,3.298
2026-10-10 13:24:58.212101,4094,3.299
2026-10-10 13:24:59.023562,4094,3.299
2026-10-10 13:24:59.632075,4095,3.3
2026-10-10 13:25:00.240611,4093,3.298
2026-10-10 13:25:01.065221,4095,3.3
2026-10-10 13:25:01.673400,4095,3.3
2026-10-10 13:25:02.477994,4095,3.3
2026-10-10 13:25:03.093827,4095,3.3
2026-10-10 13:25:03.902100,4095,3.3
2026-10-10 13:25:04.510475,4094,3.299
2026-10-10 13:25:05.324742,4095,3.3
2026-10-10 13:25:05.934698,4093,3.298
2026-10-10 13:25:06.746725,4095,3.3
2026-10-10 13:25:07.353655,4095,3.3
2026-10-10 13:25:08.165843,4095,3.3
2026-10-10 13:25:08.775544,4094,3.299
2026-10-10 13:25:09.585373,4095,3.3
2026-10-10 13:25:10.196263,4095,3.3
2026-10-10 13:25:10.804635,4095,3.3
2026-10-10 13:25:11.616185,4095,3.3
2026-10-10 13:25:12.227057,4095,3.3
2026-10-10 13:25:13.037678,4093,3.298
2026-10-10 13:25:13.643766,4095,3.3
2026-10-10 13:25:14.457145,4094,3.299
2026-10-10 13:25:15.065324,4093,3.298
2026-10-10 13:25:15.875605,4095,3.3
2026-10-10 13:25:16.483192,4095,3.3
2026-10-10 13:25:17.297426,4095,3.3
2026-10-10 13:25:17.908457,4095,3.3
2026-10-10 13:25:18.721250,4095,3.3
2026-10-10 13:25:19.329696,4095,3.3
2026-10-10 13:25:20.139243,4095,3.3
2026-10-10 13:25:20.749523,4095,3.3
2026-10-10 13:25:21.357053,4095,3.3
2026-10-10 13:25:22.166776,4094,3.299
2026-10-10 13:25:22.771093,4095,3.3
2026-10-10 13:25:23.579429,4095,3.3
2026-10-10 13:25:24.186736,4094,3.299
2026-10-10 13:25:25.000308,4095,3.3
2026-10-10 13:25:25.613930,4094,3.299
2026-10-10 13:25:26.430616,4095,3.3
2026-10-10 13:25:27.042782,4095,3.3
2026-10-10 13:25:27.854335,4095,3.3
2026-10-10 13:25:28.463229,4094,3.299
2026-10-10 13:25:29.276540,4095,3.3
2026-10-10 13:25:29.883407,4095,3.3
2026-10-10 13:25:30.696247,4093,3.298
2026-10-10 13:25:31.314862,4094,3.299
2026-10-10 13:25:31.923394,4093,3.298
2026-10-10 13:25:32.737204,4095,3.3
2026-10-10 13:25:33.347441,4095,3.3
2026-10-10 13:25:34.169230,4094,3.299
2026-10-10 13:25:34.779815,4095,3.3
2026-10-10 13:25:35.586697,4095,3.3
2026-10-10 13:25:36.192021,4095,3.3
2026-10-10 13:25:37.004362,4094,3.299
2026-10-10 13:25:37.612232,4095,3.3
2026-10-10 13:25:38.421155,4095,3.3
2026-10-10 13:25:39.029566,4093,3.298
2026-10-10 13:25:39.840391,4095,3.3
2026-10-10 13:25:40.447934,4095,3.3
2026-10-10 13:25:41.261906,4095,3.3
2026-10-10 13:25:41.872777,4095,3.3
2026-10-10 13:25:42.484964,4094,3.299
2026-10-10 13:25:43.300047,4094,3.299
2026-10-10 13:25:43.910762,4094,3.299
2026-10-10 13:25:44.723792,4095,3.3
2026-10-10 13:25:45.335098,4095,3.3
2026-10-10 13:25:46.144856,4093,3.298
2026-10-10 13:25:46.752078,4095,3.3
2026-10-10 13:25:47.560919,4095,3.3
2026-10-10 13:25:48.169431,4095,3.3
2026-10-10 13:25:48.980413,4095,3.3
2026-10-10 13:25:49.589139,4093,3.298
2026-10-10 13:25:50.396265,4093,3.298
2026-10-10 13:25:51.004398,4095,3.3
2026-10-10 13:25:51.816966,4095,3.3
2026-10-10 13:25:52.422987,4093,3.298
2026-10-10 13:25:53.232504,4093,3.298
2026-10-10 13:25:53.842233,4095,3.3
2026-10-10 13:25:54.450068,4095,3.3
2026-10-10 13:25:55.262076,4095,3.3
2026-10-10 13:25:55.865989,4095,3.3
2026-10-10 13:25:56.673758,4095,3.3
2026-10-10 13:25:57.277196,4095,3.3
2026-10-10 13:25:58.088448,4095,3.3
2026-10-10 13:25:58.697443,4095,3.3
2026-10-10 13:25:59.507789,4093,3.298
2026-10-10 13:26:00.115219,4093,3.298
2026-10-10 13:26:00.925351,4095,3.3
2026-10-10 13:26:01.536126,4094,3.299
2026-10-10 13:26:02.345542,4095,3.3
2026-10-10 13:26:02.965744,4095,3.3
2026-10-10 13:26:03.776085,4095,3.3
2026-10-10 13:26:04.382714,4095,3.3
2026-10-10 13:26:05.193772,4095,3.3
2026-10-10 13:26:05.801107,4095,3.3
2026-10-10 13:26:06.421858,4095,3.3
2026-10-10 13:26:07.231026,4093,3.298
2026-10-10 13:26:07.837634,4095,3.3
2026-10-10 13:26:08.645632,4095,3.3
2026-10-10 13:26:09.255221,4095,3.3
2026-10-10 13:26:10.064873,4095,3.3
2026-10-10 13:26:10.674029,4093,3.298
2026-10-10 13:26:11.484101,4095,3.3
2026-10-10 13:26:12.093987,4095,3.3
2026-10-10 13:26:12.907419,4095,3.3
2026-10-10 13:26:13.514408,4094,3.299
2026-10-10 13:26:14.323492,4095,3.3
2026-10-10 13:26:14.930175,4093,3.298
2026-10-10 13:26:15.739225,4095,3.3
2026-10-10 13:26:16.346396,4093,3.298
2026-10-10 13:26:17.156020,4095,3.3
2026-10-10 13:26:17.763067,4095,3.3
2026-10-10 13:26:18.574064,4095,3.3
2026-10-10 13:26:19.185558,4095,3.3
2026-10-10 13:26:19.798184,4095,3.3
2026-10-10 13:26:20.609734,4095,3.3
2026-10-10 13:26:21.217168,4095,3.3
2026-10-10 13:26:22.024379,4095,3.3
2026-10-10 13:26:22.632105,4095,3.3
2026-10-10 13:26:23.445141,4094,3.299
2026-10-10 13:26:24.055276,4093,3.298
2026-10-10 13:26:24.866940,4095,3.3
2026-10-10 13:26:25.486934,4095,3.3
2026-10-10 13:26:26.300403,4093,3.298
2026-10-10 13:26:26.905711,4095,3.3
2026-10-10 13:26:27.727742,4095,3.3
2026-10-10 13:26:28.336325,4095,3.3
2026-10-10 13:26:29.146889,4095,3.3
2026-10-10 13:26:29.758181,4095,3.3
2026-10-10 13:26:30.363570,4094,3.299
2026-10-10 13:26:31.176646,4095,3.3
2026-10-10 13:26:31.785542,4094,3.299
2026-10-10 13:26:32.598538,4095,3.3
2026-10-10 13:26:33.206941,4094,3.299
2026-10-10 13:26:34.022707,4095,3.3
2026-10-10 13:26:34.631877,4095,3.3
2026-10-10 13:26:35.442144,4094,3.299
2026-10-10 13:26:36.062430,4095,3.3
2026-10-10 13:26:36.868759,4095,3.3
2026-10-10 13:26:37.479635,4095,3.3
2026-10-10 13:26:38.291011,4094,3.299
2026-10-10 13:26:38.900861,4094,3.299
2026-10-10 13:26:39.713289,4094,3.299
2026-10-10 13:26:40.336748,4095,3.3
2026-10-10 13:26:40.946891,4094,3.299
2026-10-10 13:26:41.756259,4095,3.3
2026-10-10 13:26:42.364303,4095,3.3
2026-10-10 13:26:43.177737,4095,3.3
2026-10-10 13:26:43.785533,4095,3.3
2026-10-10 13:26:44.595598,4095,3.3
2026-10-10 13:26:45.207998,4093,3.298
2026-10-10 13:26:46.017268,4095,3.3
2026-10-10 13:26:46.623933,4095,3.3
2026-10-10 13:26:47.428882,4095,3.3
2026-10-10 13:26:48.038853,4094,3.299
2026-10-10 13:26:48.849537,4095,3.3
2026-10-10 13:26:49.457925,4094,3.299
2026-10-10 13:26:50.270686,4095,3.3
2026-10-10 13:26:50.877326,4095,3.3
2026-10-10 13:26:51.686764,4093,3.298
2026-10-10 13:26:52.294720,4095,3.3
2026-10-10 13:26:52.901199,4095,3.3
2026-10-10 13:26:53.715948,4093,3.298
2026-10-10 13:26:54.324425,4095,3.3
2026-10-10 13:26:55.136599,4094,3.299
2026-10-10 13:26:55.748151,4095,3.3
2026-10-10 13:26:56.559963,4095,3.3
2026-10-10 13:26:57.168746,4095,3.3
2026-10-10 13:26:57.972610,4091,3.297
2026-10-10 13:26:58.578966,4095,3.3
2026-10-10 13:26:59.388641,4095,3.3
2026-10-10 13:26:59.994322,4095,3.3
2026-10-10 13:27:00.804326,4095,3.3
2026-10-10 13:27:01.410401,4093,3.298
2026-10-10 13:27:02.220021,4095,3.3
2026-10-10 13:27:02.826498,4095,3.3
2026-10-10 13:27:03.633369,4093,3.298
2026-10-10 13:27:04.241040,4093,3.298
2026-10-10 13:27:05.053835,4095,3.3
2026-10-10 13:27:05.661324,4094,3.299
2026-10-10 13:27:06.471189,4095,3.3
2026-10-10 13:27:07.075787,4095,3.3
2026-10-10 13:27:07.685190,4095,3.3
2026-10-10 13:27:08.496728,4094,3.299
2026-10-10 13:27:09.101645,4095,3.3
2026-10-10 13:27:09.912874,4093,3.298
2026-10-10 13:27:10.526490,4095,3.3
2026-10-10 13:27:11.339204,4094,3.299
2026-10-10 13:27:11.946376,4093,3.298
2026-10-10 13:27:12.758718,4093,3.298
2026-10-10 13:27:13.367822,4095,3.3
2026-10-10 13:27:14.181959,4095,3.3
2026-10-10 13:27:14.791868,4093,3.298
2026-10-10 13:27:15.604175,4095,3.3
2026-10-10 13:27:16.211093,4094,3.299
2026-10-10 13:27:17.024074,4093,3.298
2026-10-10 13:27:17.630580,4095,3.3
2026-10-10 13:27:18.441840,4093,3.298
2026-10-10 13:27:19.046536,4094,3.299
2026-10-10 13:27:19.657754,4093,3.298
2026-10-10 13:27:20.467480,4095,3.3
2026-10-10 13:27:21.077902,4095,3.3
2026-10-10 13:27:21.884917,4095,3.3
2026-10-10 13:27:22.495666,4095,3.3
2026-10-10 13:27:23.302188,4095,3.3
2026-10-10 13:27:23.910086,4095,3.3
2026-10-10 13:27:24.724749,4094,3.299
2026-10-10 13:27:25.336275,4095,3.3
2026-10-10 13:27:26.144837,4095,3.3
2026-10-10 13:27:26.754992,4093,3.298
2026-10-10 13:27:27.565679,4094,3.299
2026-10-10 13:27:28.173818,4095,3.3
2026-10-10 13:27:28.988374,4095,3.3
2026-10-10 13:27:29.598654,4095,3.3
2026-10-10 13:27:30.410988,4095,3.3
2026-10-10 13:27:31.021798,4095,3.3
2026-10-10 13:27:31.628453,4095,3.3
2026-10-10 13:27:32.444444,4094,3.299
2026-10-10 13:27:33.055620,4095,3.3
2026-10-10 13:27:33.864784,4093,3.298
2026-10-10 13:27:34.471363,4093,3.298
2026-10-10 13:27:35.285020,4094,3.299
2026-10-10 13:27:35.896975,4095,3.3
2026-10-10 13:27:36.709865,4095,3.3
2026-10-10 13:27:37.319982,4095,3.3
2026-10-10 13:27:38.134554,4095,3.3
2026-10-10 13:27:38.741867,4095,3.3
2026-10-10 13:27:39.552206,4095,3.3
2026-10-10 13:27:40.163428,4095,3.3
2026-10-10 13:27:40.973056,4095,3.3
2026-10-10 13:27:41.583205,4095,3.3
2026-10-10 13:27:42.194962,4094,3.299
2026-10-10 13:27:43.007003,4093,3.298
2026-10-10 13:27:43.617071,4093,3.298
2026-10-10 13:27:44.423681,4095,3.3
2026-10-10 13:27:45.031599,4095,3.3
2026-10-10 13:27:45.843996,4095,3.3
2026-10-10 13:27:46.451796,4094,3.299
2026-10-10 13:27:47.267576,4095,3.3
2026-10-10 13:27:47.872461,4095,3.3
2026-10-10 13:27:48.684338,4095,3.3
2026-10-10 13:27:49.291417,4094,3.299
2026-10-10 13:27:50.103679,4095,3.3
2026-10-10 13:27:50.713814,4095,3.3
2026-10-10 13:27:51.521054,4093,3.298
2026-10-10 13:27:52.132015,4095,3.3
2026-10-10 13:27:52.753194,4095,3.3
2026-10-10 13:27:53.561076,4095,3.3
2026-10-10 13:27:54.171980,4093,3.298
2026-10-10 13:27:54.980002,4095,3.3
2026-10-10 13:27:55.585515,4095,3.3
2026-10-10 13:27:56.392963,4095,3.3
2026-10-10 13:27:57.004629,4095,3.3
2026-10-10 13:27:57.812721,4095,3.3
2026-10-10 13:27:58.420063,4093,3.298
2026-10-10 13:27:59.230373,4095,3.3
2026-10-10 13:27:59.835668,4095,3.3
2026-10-10 13:28:00.648869,4095,3.3
2026-10-10 13:28:01.256553,4095,3.3
2026-10-10 13:28:02.068279,4094,3.299
2026-10-10 13:28:02.674113,4095,3.3
2026-10-10 13:28:03.480507,4095,3.3
2026-10-10 13:28:04.091481,4095,3.3
2026-10-10 13:28:04.900450,4094,3.299
2026-10-10 13:28:05.512348,4094,3.299
2026-10-10 13:28:06.120474,4095,3.3
2026-10-10 13:28:06.932585,4095,3.3
2026-10-10 13:28:07.544243,4095,3.3
2026-10-10 13:28:08.354881,4095,3.3
2026-10-10 13:28:08.961381,4093,3.298
2026-10-10 13:28:09.771688,4095,3.3
2026-10-10 13:28:10.385019,4093,3.298
2026-10-10 13:28:11.194678,4093,3.298
2026-10-10 13:28:11.801641,4095,3.3
2026-10-10 13:28:12.611223,4093,3.298
2026-10-10 13:28:13.216133,4095,3.3
2026-10-10 13:28:14.028143,4095,3.3
2026-10-10 13:28:14.634984,4095,3.3
2026-10-10 13:28:15.447632,4095,3.3
2026-10-10 13:28:16.053659,4095,3.3
2026-10-10 13:28:16.674189,4095,3.3
2026-10-10 13:28:17.485775,4095,3.3
2026-10-10 13:28:18.098859,4095,3.3
2026-10-10 13:28:18.907472,4095,3.3
2026-10-10 13:28:19.516354,4094,3.299
2026-10-10 13:28:20.331275,4095,3.3
2026-10-10 13:28:20.936880,4094,3.299
2026-10-10 13:28:21.759878,4095,3.3
2026-10-10 13:28:22.368139,4093,3.298
2026-10-10 13:28:23.177989,4095,3.3
2026-10-10 13:28:23.783036,4095,3.3
2026-10-10 13:28:24.590456,4094,3.299
2026-10-10 13:28:25.197568,4095,3.3
2026-10-10 13:28:26.006941,4095,3.3
2026-10-10 13:28:26.614030,4095,3.3
2026-10-10 13:28:27.427013,4095,3.3
2026-10-10 13:28:28.036968,4095,3.3
2026-10-10 13:28:28.644986,4094,3.299
2026-10-10 13:28:29.457963,4095,3.3
2026-10-10 13:28:30.066157,4093,3.298
2026-10-10 13:28:30.884634,4095,3.3
2026-10-10 13:28:31.492504,4095,3.3
2026-10-10 13:28:32.305368,4093,3.298
2026-10-10 13:28:32.927090,4095,3.3
2026-10-10 13:28:33.733846,4095,3.3
2026-10-10 13:28:34.342264,4095,3.3
2026-10-10 13:28:35.152929,4093,3.298
2026-10-10 13:28:35.775095,4094,3.299
2026-10-10 13:28:36.383124,4095,3.3
2026-10-10 13:28:37.193429,4095,3.3
2026-10-10 13:28:37.801785,4095,3.3
2026-10-10 13:28:38.616252,4095,3.3
2026-10-10 13:28:39.221420,4095,3.3
2026-10-10 13:28:40.035027,4095,3.3
2026-10-10 13:28:40.642010,4095,3.3
2026-10-10 13:28:41.455410,4095,3.3
2026-10-10 13:28:42.066618,4095,3.3
2026-10-10 13:28:42.881098,4093,3.298
2026-10-10 13:28:43.489235,4095,3.3
2026-10-10 13:28:44.303192,4095,3.3
2026-10-10 13:28:44.911729,4095,3.3
2026-10-10 13:28:45.720732,4095,3.3
2026-10-10 13:28:46.330570,4095,3.3
2026-10-10 13:28:46.940247,4095,3.3
2026-10-10 13:28:47.748562,4095,3.3
2026-10-10 13:28:48.358482,4095,3.3
2026-10-10 13:28:49.168544,4095,3.3
2026-10-10 13:28:49.781349,4095,3.3
2026-10-10 13:28:50.591917,4095,3.3
2026-10-10 13:28:51.198759,4095,3.3
2026-10-10 13:28:52.008959,4095,3.3
2026-10-10 13:28:52.617996,4095,3.3
2026-10-10 13:28:53.429101,4095,3.3
2026-10-10 13:28:54.040628,4087,3.294
2026-10-10 13:28:54.853696,4095,3.3
2026-10-10 13:28:55.472964,4095,3.3
2026-10-10 13:28:56.283963,4095,3.3
2026-10-10 13:28:56.894237,4095,3.3
2026-10-10 13:28:57.503513,4095,3.3
2026-10-10 13:28:58.312634,4094,3.299
2026-10-10 13:28:58.923831,4095,3.3
2026-10-10 13:28:59.731363,4093,3.298
2026-10-10 13:29:00.342806,4095,3.3
2026-10-10 13:29:01.155960,4094,3.299
2026-10-10 13:29:01.763512,4095,3.3
2026-10-10 13:29:02.571306,4094,3.299
2026-10-10 13:29:03.181877,4095,3.3
2026-10-10 13:29:03.996975,4095,3.3
2026-10-10 13:29:04.606709,4095,3.3
2026-10-10 13:29:05.422481,4093,3.298
2026-10-10 13:29:06.031511,4095,3.3
2026-10-10 13:29:06.844781,4093,3.298
2026-10-10 13:29:07.456812,4093,3.298
2026-10-10 13:29:08.069305,4093,3.298
2026-10-10 13:29:08.885048,4095,3.3
2026-10-10 13:29:09.492117,4095,3.3
2026-10-10 13:29:10.302968,4095,3.3
2026-10-10 13:29:10.908418,4095,3.3
2026-10-10 13:29:11.720370,4095,3.3
2026-10-10 13:29:12.331397,4095,3.3
2026-10-10 13:29:13.147874,4094,3.299
2026-10-10 13:29:13.756334,4093,3.298
2026-10-10 13:29:14.569461,4095,3.3
2026-10-10 13:29:15.180671,4093,3.298
2026-10-10 13:29:15.993064,4093,3.298
2026-10-10 13:29:16.601414,4095,3.3
2026-10-10 13:29:17.209970,4095,3.3
2026-10-10 13:29:18.020149,4095,3.3
2026-10-10 13:29:18.628951,4095,3.3
2026-10-10 13:29:19.440012,4095,3.3
2026-10-10 13:29:20.049501,4095,3.3
2026-10-10 13:29:20.857706,4095,3.3
2026-10-10 13:29:21.465653,4095,3.3
2026-10-10 13:29:22.276275,4093,3.298
2026-10-10 13:29:22.881099,4095,3.3
2026-10-10 13:29:23.688403,4093,3.298
2026-10-10 13:29:24.297790,4095,3.3
2026-10-10 13:29:25.108546,4093,3.298
2026-10-10 13:29:25.727223,4094,3.299
2026-10-10 13:29:26.536875,4095,3.3
2026-10-10 13:29:27.143774,4095,3.3
2026-10-10 13:29:27.951214,4095,3.3
2026-10-10 13:29:28.555467,4095,3.3
2026-10-10 13:29:29.367909,4095,3.3
2026-10-10 13:29:29.977546,4095,3.3
2026-10-10 13:29:30.586081,4094,3.299
2026-10-10 13:29:31.398170,4094,3.299
2026-10-10 13:29:32.006908,4094,3.299
2026-10-10 13:29:32.818743,4095,3.3
2026-10-10 13:29:33.426272,4095,3.3
2026-10-10 13:29:34.234147,4093,3.298
2026-10-10 13:29:34.843953,4095,3.3
2026-10-10 13:29:35.656613,4095,3.3
2026-10-10 13:29:36.264549,4094,3.299
2026-10-10 13:29:37.075902,4095,3.3
2026-10-10 13:29:37.682864,4095,3.3
2026-10-10 13:29:38.493350,4094,3.299
2026-10-10 13:29:39.104277,4093,3.298
2026-10-10 13:29:39.914943,4094,3.299
2026-10-10 13:29:40.525046,4095,3.3
2026-10-10 13:29:41.138043,4095,3.3
2026-10-10 13:29:41.947289,4095,3.3
2026-10-10 13:29:42.556585,4095,3.3
2026-10-10 13:29:43.365956,4095,3.3
2026-10-10 13:29:43.972334,4095,3.3
2026-10-10 13:29:44.785006,4095,3.3
2026-10-10 13:29:45.392823,4093,3.298
2026-10-10 13:29:46.205010,4095,3.3
2026-10-10 13:29:46.811326,4095,3.3
2026-10-10 13:29:47.624015,4095,3.3
2026-10-10 13:29:48.228909,4095,3.3
2026-10-10 13:29:49.041915,4095,3.3
2026-10-10 13:29:49.649890,4095,3.3
2026-10-10 13:29:50.460258,4095,3.3
2026-10-10 13:29:51.068844,4095,3.3
2026-10-10 13:29:51.881612,4095,3.3
2026-10-10 13:29:52.490094,4094,3.299
2026-10-10 13:29:53.097513,4095,3.3
2026-10-10 13:29:53.909985,4095,3.3
2026-10-10 13:29:54.519490,4095,3.3
2026-10-10 13:29:55.326441,4093,3.298
2026-10-10 13:29:55.937668,4093,3.298
2026-10-10 13:29:56.749472,4095,3.3
2026-10-10 13:29:57.359451,4095,3.3
2026-10-10 13:29:58.172547,4095,3.3
2026-10-10 13:29:58.780610,4095,3.3
2026-10-10 13:29:59.590589,4095,3.3
2026-10-10 13:30:00.199407,4094,3.299
2026-10-10 13:30:01.010939,4095,3.3
2026-10-10 13:30:01.617356,4095,3.3
2026-10-10 13:30:02.426521,4095,3.3
2026-10-10 13:30:03.036644,4094,3.299
2026-10-10 13:30:03.846727,4095,3.3
2026-10-10 13:30:04.453204,4095,3.3
2026-10-10 13:30:05.062502,4094,3.299
2026-10-10 13:30:05.875771,4095,3.3
2026-10-10 13:30:06.481639,4095,3.3
2026-10-10 13:30:07.297805,4095,3.3
2026-10-10 13:30:07.902117,4095,3.3
2026-10-10 13:30:08.710341,4095,3.3
2026-10-10 13:30:09.317147,4095,3.3
2026-10-10 13:30:10.124164,4095,3.3
2026-10-10 13:30:10.733418,4093,3.298
2026-10-10 13:30:11.544094,4095,3.3
2026-10-10 13:30:12.150507,4095,3.3
2026-10-10 13:30:12.964533,4095,3.3
2026-10-10 13:30:13.574242,4095,3.3
2026-10-10 13:30:14.385310,4095,3.3
2026-10-10 13:30:14.995503,4093,3.298
2026-10-10 13:30:15.808281,4095,3.3
2026-10-10 13:30:16.414297,4095,3.3
2026-10-10 13:30:17.026326,4095,3.3
2026-10-10 13:30:17.845709,4095,3.3
2026-10-10 13:30:18.456330,4095,3.3
2026-10-10 13:30:19.270153,4095,3.3
2026-10-10 13:30:19.878976,4095,3.3
2026-10-10 13:30:20.689226,4095,3.3
2026-10-10 13:30:21.300827,4095,3.3
2026-10-10 13:30:22.113918,4095,3.3
2026-10-10 13:30:22.725196,4095,3.3
2026-10-10 13:30:23.538852,4093,3.298
2026-10-10 13:30:24.144512,4095,3.3
2026-10-10 13:30:24.959815,4095,3.3
2026-10-10 13:30:25.573129,4094,3.299
2026-10-10 13:30:26.184222,4095,3.3
2026-10-10 13:30:26.997799,4095,3.3
2026-10-10 13:30:27.609609,4095,3.3
2026-10-10 13:30:28.423283,4093,3.298
2026-10-10 13:30:29.030601,4095,3.3
2026-10-10 13:30:29.845999,4095,3.3
2026-10-10 13:30:30.453680,4095,3.3
2026-10-10 13:30:31.267939,4095,3.3
2026-10-10 13:30:31.882714,4095,3.3
2026-10-10 13:30:32.699658,4091,3.297
2026-10-10 13:30:33.307904,4093,3.298
2026-10-10 13:30:33.919016,4094,3.299
2026-10-10 13:30:34.729676,4095,3.3
2026-10-10 13:30:35.339052,4095,3.3
2026-10-10 13:30:36.147410,4095,3.3
2026-10-10 13:30:36.757830,4095,3.3
2026-10-10 13:30:37.573333,4095,3.3
2026-10-10 13:30:38.180529,4094,3.299
2026-10-10 13:30:38.992533,4095,3.3
2026-10-10 13:30:39.600352,4093,3.298
2026-10-10 13:30:40.410822,4095,3.3
2026-10-10 13:30:41.022317,4093,3.298
2026-10-10 13:30:41.833396,4093,3.298
2026-10-10 13:30:42.444976,4095,3.3
2026-10-10 13:30:43.258347,4095,3.3
2026-10-10 13:30:43.865963,4095,3.3
2026-10-10 13:30:44.474579,4095,3.3
2026-10-10 13:30:45.287414,4094,3.299
2026-10-10 13:30:45.893798,4094,3.299
2026-10-10 13:30:46.706177,4093,3.298
2026-10-10 13:30:47.317035,4093,3.298
2026-10-10 13:30:48.129389,4095,3.3
2026-10-10 13:30:48.739884,4094,3.299
2026-10-10 13:30:49.547068,4095,3.3
2026-10-10 13:30:50.156167,4095,3.3
2026-10-10 13:30:50.967863,4095,3.3
2026-10-10 13:30:51.578412,4095,3.3
2026-10-10 13:30:52.390809,4093,3.298
2026-10-10 13:30:52.999282,4095,3.3
2026-10-10 13:30:53.812819,4093,3.298
2026-10-10 13:30:54.421671,4095,3.3
2026-10-10 13:30:55.033272,4093,3.298
2026-10-10 13:30:55.849668,4095,3.3
2026-10-10 13:30:56.459760,4095,3.3
2026-10-10 13:30:57.275146,4094,3.299
2026-10-10 13:30:57.887202,4095,3.3
2026-10-10 13:30:58.704357,4095,3.3
2026-10-10 13:30:59.316942,4095,3.3
2026-10-10 13:31:00.124129,4095,3.3
2026-10-10 13:31:00.733340,4094,3.299
2026-10-10 13:31:01.547497,4095,3.3
2026-10-10 13:31:02.154888,4089,3.295
2026-10-10 13:31:02.766949,4095,3.3
2026-10-10 13:31:03.575315,4095,3.3
2026-10-10 13:31:04.182972,4093,3.298
2026-10-10 13:31:04.996827,4093,3.298
2026-10-10 13:31:05.605356,4093,3.298
2026-10-10 13:31:06.413486,4095,3.3
2026-10-10 13:31:07.022310,4095,3.3
2026-10-10 13:31:07.832098,4094,3.299
2026-10-10 13:31:08.439541,4095,3.3
2026-10-10 13:31:09.248666,4094,3.299
2026-10-10 13:31:09.858614,4095,3.3
2026-10-10 13:31:10.671046,4095,3.3
2026-10-10 13:31:11.279557,4094,3.299
2026-10-10 13:31:12.091461,4095,3.3
2026-10-10 13:31:12.701802,4095,3.3
2026-10-10 13:31:13.512789,4095,3.3
2026-10-10 13:31:14.119281,4093,3.298
2026-10-10 13:31:14.731132,4095,3.3
2026-10-10 13:31:15.551313,4095,3.3
2026-10-10 13:31:16.161726,4095,3.3
2026-10-10 13:31:16.973341,4095,3.3
2026-10-10 13:31:17.580272,4095,3.3
2026-10-10 13:31:18.394612,4095,3.3
2026-10-10 13:31:18.999719,4095,3.3
2026-10-10 13:31:19.814208,4095,3.3
2026-10-10 13:31:20.420300,4095,3.3
2026-10-10 13:31:21.227835,4095,3.3
2026-10-10 13:31:21.848567,4094,3.299
2026-10-10 13:31:22.657041,4095,3.3
2026-10-10 13:31:23.269550,4093,3.298
2026-10-10 13:31:23.877255,4095,3.3
2026-10-10 13:31:24.691946,4093,3.298
2026-10-10 13:31:25.298433,4095,3.3
2026-10-10 13:31:26.108610,4095,3.3
2026-10-10 13:31:26.717510,4095,3.3
2026-10-10 13:31:27.530831,4095,3.3
2026-10-10 13:31:28.139298,4095,3.3
2026-10-10 13:31:28.952371,4095,3.3
2026-10-10 13:31:29.563383,4095,3.3
2026-10-10 13:31:30.387654,4095,3.3
2026-10-10 13:31:30.992903,4093,3.298
2026-10-10 13:31:31.807356,4095,3.3
2026-10-10 13:31:32.412400,4095,3.3
2026-10-10 13:31:33.222074,4095,3.3
2026-10-10 13:31:33.835328,4095,3.3
2026-10-10 13:31:34.443779,4095,3.3
2026-10-10 13:31:35.253255,4093,3.298
2026-10-10 13:31:35.862757,4095,3.3
2026-10-10 13:31:36.674700,4092,3.298
2026-10-10 13:31:37.282863,4095,3.3
2026-10-10 13:31:38.096150,4095,3.3
2026-10-10 13:31:38.702137,4095,3.3
2026-10-10 13:31:39.509596,4095,3.3
2026-10-10 13:31:40.119523,4094,3.299
2026-10-10 13:31:40.928799,4095,3.3
2026-10-10 13:31:41.532778,4091,3.297
2026-10-10 13:31:42.342059,4095,3.3
2026-10-10 13:31:42.951764,4094,3.299
2026-10-10 13:31:43.762356,4095,3.3
2026-10-10 13:31:44.370482,4094,3.299
2026-10-10 13:31:45.181060,4095,3.3
2026-10-10 13:31:45.787636,4093,3.298
2026-10-10 13:31:46.397132,4095,3.3
2026-10-10 13:31:47.217440,4095,3.3
2026-10-10 13:31:47.823955,4095,3.3
2026-10-10 13:31:48.639788,4095,3.3
2026-10-10 13:31:49.249776,4095,3.3
2026-10-10 13:31:50.067794,4094,3.299
2026-10-10 13:31:50.680893,4093,3.298
2026-10-10 13:31:51.490065,4095,3.3
2026-10-10 13:31:52.097903,4095,3.3
2026-10-10 13:31:52.910917,4095,3.3
2026-10-10 13:31:53.517755,4095,3.3
2026-10-10 13:31:54.326334,4095,3.3
2026-10-10 13:31:54.933315,4095,3.3
2026-10-10 13:31:55.542100,4094,3.299
2026-10-10 13:31:56.367179,4094,3.299
2026-10-10 13:31:56.975302,4093,3.298
2026-10-10 13:31:57.784535,4095,3.3
2026-10-10 13:31:58.393575,4095,3.3
2026-10-10 13:31:59.206333,4095,3.3
2026-10-10 13:31:59.812628,4095,3.3
2026-10-10 13:32:00.626597,4095,3.3
2026-10-10 13:32:01.229842,4093,3.298
2026-10-10 13:32:02.039396,4093,3.298
2026-10-10 13:32:02.657330,4095,3.3
2026-10-10 13:32:03.471044,4093,3.298
2026-10-10 13:32:04.075777,4094,3.299
2026-10-10 13:32:04.683938,4095,3.3
2026-10-10 13:32:05.496688,4095,3.3
2026-10-10 13:32:06.105990,4095,3.3
2026-10-10 13:32:06.917413,4095,3.3
2026-10-10 13:32:07.528261,4094,3.299
2026-10-10 13:32:08.341244,4095,3.3
2026-10-10 13:32:08.949466,4095,3.3
2026-10-10 13:32:09.759848,4095,3.3
2026-10-10 13:32:10.367237,4095,3.3
2026-10-10 13:32:11.178736,4093,3.298
2026-10-10 13:32:11.785711,4093,3.298
2026-10-10 13:32:12.599810,4095,3.3
2026-10-10 13:32:13.208636,4095,3.3
2026-10-10 13:32:14.020567,4095,3.3
2026-10-10 13:32:14.627920,4095,3.3
2026-10-10 13:32:15.441532,4095,3.3
2026-10-10 13:32:16.063180,4095,3.3
2026-10-10 13:32:16.672879,4095,3.3
2026-10-10 13:32:17.483162,4094,3.299
2026-10-10 13:32:18.090442,4095,3.3
2026-10-10 13:32:18.899434,4095,3.3
2026-10-10 13:32:19.508556,4095,3.3
2026-10-10 13:32:20.321471,4095,3.3
2026-10-10 13:32:20.925912,4095,3.3
2026-10-10 13:32:21.738770,4095,3.3
2026-10-10 13:32:22.346018,4093,3.298
2026-10-10 13:32:23.153435,4095,3.3
2026-10-10 13:32:23.759413,4095,3.3
2026-10-10 13:32:24.572153,4095,3.3
2026-10-10 13:32:25.182841,4095,3.3
2026-10-10 13:32:25.991919,4095,3.3
2026-10-10 13:32:26.598546,4094,3.299
2026-10-10 13:32:27.206401,4095,3.3
2026-10-10 13:32:28.016568,4095,3.3
2026-10-10 13:32:28.627631,4095,3.3
2026-10-10 13:32:29.435604,4093,3.298
2026-10-10 13:32:30.046248,4093,3.298
2026-10-10 13:32:30.861667,4093,3.298
2026-10-10 13:32:31.472381,4095,3.3
2026-10-10 13:32:32.279217,4095,3.3
2026-10-10 13:32:32.888484,4095,3.3
2026-10-10 13:32:33.696014,4095,3.3
2026-10-10 13:32:34.303463,4093,3.298
2026-10-10 13:32:35.112892,4094,3.299
2026-10-10 13:32:35.723127,4095,3.3
2026-10-10 13:32:36.533351,4094,3.299
2026-10-10 13:32:37.144474,4093,3.298
2026-10-10 13:32:37.956333,4095,3.3
2026-10-10 13:32:38.567378,4093,3.298
2026-10-10 13:32:39.174284,4095,3.3
2026-10-10 13:32:39.990351,4093,3.298
2026-10-10 13:32:40.596889,4095,3.3
2026-10-10 13:32:41.410376,4095,3.3
2026-10-10 13:32:42.021341,4095,3.3
2026-10-10 13:32:42.832931,4095,3.3
2026-10-10 13:32:43.442873,4094,3.299
2026-10-10 13:32:44.251295,4095,3.3
2026-10-10 13:32:44.859181,4093,3.298
2026-10-10 13:32:45.665255,4095,3.3
2026-10-10 13:32:46.273313,4094,3.299
2026-10-10 13:32:47.082223,4095,3.3
2026-10-10 13:32:47.691936,4095,3.3
2026-10-10 13:32:48.503496,4095,3.3
2026-10-10 13:32:49.112402,4095,3.3
2026-10-10 13:32:49.924186,4095,3.3
2026-10-10 13:32:50.531910,4095,3.3
2026-10-10 13:32:51.142513,4095,3.3
2026-10-10 13:32:51.951458,4094,3.299
2026-10-10 13:32:52.558188,4095,3.3
2026-10-10 13:32:53.369205,4093,3.298
2026-10-10 13:32:53.977347,4095,3.3
2026-10-10 13:32:54.791225,4095,3.3
2026-10-10 13:32:55.401323,4095,3.3
2026-10-10 13:32:56.214253,4095,3.3
2026-10-10 13:32:56.821783,4095,3.3
2026-10-10 13:32:57.635228,4094,3.299
2026-10-10 13:32:58.248479,4095,3.3
2026-10-10 13:32:59.062703,4094,3.299
2026-10-10 13:32:59.673398,4095,3.3
2026-10-10 13:33:00.486930,4093,3.298
2026-10-10 13:33:01.095407,4095,3.3
2026-10-10 13:33:01.700353,4095,3.3
2026-10-10 13:33:02.509318,4095,3.3
2026-10-10 13:33:03.118277,4095,3.3
2026-10-10 13:33:03.932518,4095,3.3
2026-10-10 13:33:04.537932,4095,3.3
2026-10-10 13:33:05.351601,4095,3.3
2026-10-10 13:33:05.959385,4095,3.3
2026-10-10 13:33:06.769439,4094,3.299
2026-10-10 13:33:07.376621,4095,3.3
2026-10-10 13:33:08.184292,4094,3.299
2026-10-10 13:33:08.791107,4095,3.3
2026-10-10 13:33:09.604795,4095,3.3
2026-10-10 13:33:10.215811,4095,3.3
2026-10-10 13:33:11.024134,4094,3.299
2026-10-10 13:33:11.635850,4095,3.3
2026-10-10 13:33:12.448774,4091,3.297
2026-10-10 13:33:13.055353,4093,3.298
2026-10-10 13:33:13.664138,4095,3.3
2026-10-10 13:33:14.475258,4095,3.3
2026-10-10 13:33:15.087486,4093,3.298
2026-10-10 13:33:15.901605,4095,3.3
2026-10-10 13:33:16.510135,4094,3.299
2026-10-10 13:33:17.320439,4095,3.3
2026-10-10 13:33:17.929860,4095,3.3
2026-10-10 13:33:18.737220,4095,3.3
2026-10-10 13:33:19.345298,4095,3.3
2026-10-10 13:33:20.152711,4095,3.3
2026-10-10 13:33:20.759810,4094,3.299
2026-10-10 13:33:21.583410,4095,3.3
2026-10-10 13:33:22.194915,4095,3.3
2026-10-10 13:33:23.005110,4093,3.298
2026-10-10 13:33:23.611822,4094,3.299
2026-10-10 13:33:24.220161,4095,3.3
2026-10-10 13:33:25.044911,4095,3.3
2026-10-10 13:33:25.653367,4093,3.298
2026-10-10 13:33:26.460580,4095,3.3
2026-10-10 13:33:27.071947,4093,3.298
2026-10-10 13:33:27.881597,4095,3.3
2026-10-10 13:33:28.504580,4095,3.3
2026-10-10 13:33:29.316020,4094,3.299
2026-10-10 13:33:29.923013,4095,3.3
2026-10-10 13:33:30.733828,4095,3.3
2026-10-10 13:33:31.343643,4094,3.299
2026-10-10 13:33:32.152052,4095,3.3
2026-10-10 13:33:32.760000,4095,3.3
2026-10-10 13:33:33.369992,4095,3.3
2026-10-10 13:33:34.180150,4095,3.3
2026-10-10 13:33:34.800167,4095,3.3
2026-10-10 13:33:35.620645,4095,3.3
2026-10-10 13:33:36.226949,4093,3.298
2026-10-10 13:33:37.036521,4095,3.3
2026-10-10 13:33:37.645275,4095,3.3
2026-10-10 13:33:38.458806,4093,3.298
2026-10-10 13:33:39.068709,4095,3.3
2026-10-10 13:33:39.877422,4093,3.298
2026-10-10 13:33:40.489795,4095,3.3
2026-10-10 13:33:41.300878,4095,3.3
2026-10-10 13:33:41.908456,4095,3.3
2026-10-10 13:33:42.519904,4095,3.3
2026-10-10 13:33:43.343346,4095,3.3
2026-10-10 13:33:43.955842,4095,3.3
2026-10-10 13:33:44.764458,4095,3.3
2026-10-10 13:33:45.376012,4093,3.298
2026-10-10 13:33:46.187843,4095,3.3
2026-10-10 13:33:46.795042,4095,3.3
2026-10-10 13:33:47.606278,4095,3.3
2026-10-10 13:33:48.213716,4095,3.3
2026-10-10 13:33:49.021703,4094,3.299
2026-10-10 13:33:49.627519,4094,3.299
2026-10-10 13:33:50.439307,4095,3.3
2026-10-10 13:33:51.050811,4095,3.3
2026-10-10 13:33:51.862818,4094,3.299
2026-10-10 13:33:52.470885,4095,3.3
2026-10-10 13:33:53.080717,4095,3.3
2026-10-10 13:33:53.888676,4093,3.298
2026-10-10 13:33:54.501803,4093,3.298
2026-10-10 13:33:55.314046,4095,3.3
2026-10-10 13:33:55.922919,4095,3.3
2026-10-10 13:33:56.734332,4095,3.3
2026-10-10 13:33:57.342163,4095,3.3
2026-10-10 13:33:58.152432,4095,3.3
2026-10-10 13:33:58.760146,4095,3.3
2026-10-10 13:33:59.572437,4093,3.298
2026-10-10 13:34:00.180239,4095,3.3
2026-10-10 13:34:00.990562,4095,3.3
2026-10-10 13:34:01.602798,4095,3.3
2026-10-10 13:34:02.411449,4093,3.298
2026-10-10 13:34:03.019992,4095,3.3
2026-10-10 13:34:03.829730,4095,3.3
2026-10-10 13:34:04.441334,4095,3.3
2026-10-10 13:34:05.051605,4095,3.3
2026-10-10 13:34:05.866858,4093,3.298
2026-10-10 13:34:06.478698,4095,3.3
2026-10-10 13:34:07.296209,4095,3.3
2026-10-10 13:34:07.919893,4094,3.299
2026-10-10 13:34:08.727473,4095,3.3
2026-10-10 13:34:09.335916,4095,3.3
2026-10-10 13:34:10.143113,4095,3.3
2026-10-10 13:34:10.754987,4094,3.299
2026-10-10 13:34:11.574956,4095,3.3
2026-10-10 13:34:12.188322,4095,3.3
2026-10-10 13:34:12.802199,4095,3.3
2026-10-10 13:34:13.618081,4095,3.3
2026-10-10 13:34:14.225319,4095,3.3
2026-10-10 13:34:15.038468,4095,3.3
2026-10-10 13:34:15.647128,4093,3.298
2026-10-10 13:34:16.457913,4094,3.299
2026-10-10 13:34:17.063679,4095,3.3
2026-10-10 13:34:17.877520,4095,3.3
2026-10-10 13:34:18.486279,4095,3.3
2026-10-10 13:34:19.294779,4095,3.3
2026-10-10 13:34:19.903407,4095,3.3
2026-10-10 13:34:20.714142,4095,3.3
2026-10-10 13:34:21.320575,4095,3.3
2026-10-10 13:34:22.131160,4095,3.3
2026-10-10 13:34:22.740900,4094,3.299
2026-10-10 13:34:23.347848,4095,3.3
2026-10-10 13:34:24.164784,4095,3.3
2026-10-10 13:34:24.772241,4094,3.299
2026-10-10 13:34:25.582939,4093,3.298
2026-10-10 13:34:26.191410,4095,3.3
2026-10-10 13:34:27.003794,4095,3.3
2026-10-10 13:34:27.612512,4095,3.3
2026-10-10 13:34:28.422059,4095,3.3
2026-10-10 13:34:29.034521,4095,3.3
2026-10-10 13:34:29.845061,4095,3.3
2026-10-10 13:34:30.453939,4094,3.299
2026-10-10 13:34:31.261247,4093,3.298
2026-10-10 13:34:31.872556,4095,3.3
2026-10-10 13:34:32.683894,4095,3.3
2026-10-10 13:34:33.292526,4093,3.298
2026-10-10 13:34:33.902233,4094,3.299
2026-10-10 13:34:34.712336,4095,3.3
2026-10-10 13:34:35.322771,4095,3.3
2026-10-10 13:34:36.134233,4095,3.3
2026-10-10 13:34:36.745375,4095,3.3
2026-10-10 13:34:37.556212,4095,3.3
2026-10-10 13:34:38.160337,4095,3.3
2026-10-10 13:34:38.971742,4095,3.3
2026-10-10 13:34:39.578066,4095,3.3
2026-10-10 13:34:40.391367,4093,3.298
2026-10-10 13:34:40.997038,4095,3.3
2026-10-10 13:34:41.812636,4094,3.299
2026-10-10 13:34:42.422673,4095,3.3
2026-10-10 13:34:43.233855,4095,3.3
2026-10-10 13:34:43.845134,4095,3.3
2026-10-10 13:34:44.457213,4095,3.3
2026-10-10 13:34:45.279015,4095,3.3
2026-10-10 13:34:45.886985,4095,3.3
2026-10-10 13:34:46.694293,4094,3.299
2026-10-10 13:34:47.301453,4095,3.3
2026-10-10 13:34:48.108798,4093,3.298
2026-10-10 13:34:48.719393,4095,3.3
2026-10-10 13:34:49.531108,4095,3.3
2026-10-10 13:34:50.141513,4095,3.3
2026-10-10 13:34:50.950839,4095,3.3
2026-10-10 13:34:51.559868,4095,3.3
2026-10-10 13:34:52.370456,4095,3.3
2026-10-10 13:34:52.976251,4095,3.3
2026-10-10 13:34:53.784593,4093,3.298
2026-10-10 13:34:54.392914,4094,3.299
2026-10-10 13:34:55.206041,4093,3.298
2026-10-10 13:34:55.814167,4095,3.3
2026-10-10 13:34:56.424100,4093,3.298
2026-10-10 13:34:57.234729,4094,3.299
2026-10-10 13:34:57.846229,4095,3.3
2026-10-10 13:34:58.658311,4095,3.3
2026-10-10 13:34:59.264050,4094,3.299
2026-10-10 13:35:00.072767,4095,3.3
2026-10-10 13:35:00.684192,4095,3.3
2026-10-10 13:35:01.496140,4095,3.3
2026-10-10 13:35:02.102785,4095,3.3
2026-10-10 13:35:02.914991,4095,3.3
2026-10-10 13:35:03.535033,4095,3.3
2026-10-10 13:35:04.355504,4095,3.3
2026-10-10 13:35:04.964480,4095,3.3
2026-10-10 13:35:05.579491,4095,3.3
2026-10-10 13:35:06.389864,4095,3.3
2026-10-10 13:35:07.011987,4095,3.3
2026-10-10 13:35:07.825947,4095,3.3
2026-10-10 13:35:08.433235,4095,3.3
2026-10-10 13:35:09.242761,4095,3.3
2026-10-10 13:35:09.850646,4093,3.298
2026-10-10 13:35:10.661788,4094,3.299
2026-10-10 13:35:11.268512,4094,3.299
2026-10-10 13:35:12.079552,4095,3.3
2026-10-10 13:35:12.685434,4095,3.3
2026-10-10 13:35:13.495185,4095,3.3
2026-10-10 13:35:14.101049,4093,3.298
2026-10-10 13:35:14.713922,4095,3.3
2026-10-10 13:35:15.523061,4095,3.3
2026-10-10 13:35:16.131759,4093,3.298
2026-10-10 13:35:16.939929,4093,3.298
2026-10-10 13:35:17.547311,4093,3.298
2026-10-10 13:35:18.360342,4095,3.3
2026-10-10 13:35:18.982490,4095,3.3
2026-10-10 13:35:19.794797,4095,3.3
2026-10-10 13:35:20.405140,4095,3.3
2026-10-10 13:35:21.217577,4094,3.299
2026-10-10 13:35:21.824632,4095,3.3
2026-10-10 13:35:22.634966,4095,3.3
2026-10-10 13:35:23.243317,4095,3.3
2026-10-10 13:35:24.052486,4093,3.298
2026-10-10 13:35:24.659791,4095,3.3
2026-10-10 13:35:25.270867,4093,3.298
2026-10-10 13:35:26.080099,4095,3.3
2026-10-10 13:35:26.688549,4095,3.3
2026-10-10 13:35:27.502707,4095,3.3
2026-10-10 13:35:28.108411,4093,3.298
2026-10-10 13:35:28.919210,4095,3.3
2026-10-10 13:35:29.525421,4093,3.298
2026-10-10 13:35:30.337895,4095,3.3
2026-10-10 13:35:30.946982,4095,3.3
2026-10-10 13:35:31.755503,4095,3.3
2026-10-10 13:35:32.360406,4095,3.3
2026-10-10 13:35:33.170083,4095,3.3
2026-10-10 13:35:33.774518,4095,3.3
2026-10-10 13:35:34.584737,4095,3.3
2026-10-10 13:35:35.190340,4094,3.299
2026-10-10 13:35:36.004530,4095,3.3
2026-10-10 13:35:36.611340,4095,3.3
2026-10-10 13:35:37.420571,4095,3.3
2026-10-10 13:35:38.027882,4095,3.3
2026-10-10 13:35:38.643085,4095,3.3
2026-10-10 13:35:39.460742,4095,3.3
2026-10-10 13:35:40.066389,4094,3.299
2026-10-10 13:35:40.883019,4094,3.299
2026-10-10 13:35:41.493349,4095,3.3
2026-10-10 13:35:42.302544,4095,3.3
2026-10-10 13:35:42.913065,4095,3.3
2026-10-10 13:35:43.723823,4095,3.3
2026-10-10 13:35:44.331791,4093,3.298
2026-10-10 13:35:45.144687,4095,3.3
2026-10-10 13:35:45.749487,4095,3.3
2026-10-10 13:35:46.566001,4095,3.3
2026-10-10 13:35:47.173051,4095,3.3
2026-10-10 13:35:47.982773,4095,3.3
2026-10-10 13:35:48.592090,4095,3.3
2026-10-10 13:35:49.199223,4095,3.3
2026-10-10 13:35:50.010626,4095,3.3
2026-10-10 13:35:50.614630,4095,3.3
2026-10-10 13:35:51.429415,4093,3.298
2026-10-10 13:35:52.036570,4095,3.3
2026-10-10 13:35:52.850221,4095,3.3
2026-10-10 13:35:53.460177,4094,3.299
2026-10-10 13:35:54.271017,4095,3.3
2026-10-10 13:35:54.879916,4095,3.3
2026-10-10 13:35:55.693715,4093,3.298
2026-10-10 13:35:56.304297,4093,3.298
2026-10-10 13:35:57.121331,4093,3.298
2026-10-10 13:35:57.730796,4095,3.3
2026-10-10 13:35:58.544867,4093,3.298
2026-10-10 13:35:59.155863,4093,3.298
2026-10-10 13:35:59.762096,4095,3.3
2026-10-10 13:36:00.574342,4095,3.3
2026-10-10 13:36:01.179259,4095,3.3
2026-10-10 13:36:01.991382,4095,3.3
2026-10-10 13:36:02.600321,4095,3.3
2026-10-10 13:36:03.414286,4095,3.3
2026-10-10 13:36:04.021822,4095,3.3
2026-10-10 13:36:04.831372,4095,3.3
2026-10-10 13:36:05.436249,4095,3.3
2026-10-10 13:36:06.244279,4094,3.299
2026-10-10 13:36:06.857200,4094,3.299
2026-10-10 13:36:07.670457,4095,3.3
2026-10-10 13:36:08.277692,4093,3.298
2026-10-10 13:36:09.090752,4095,3.3
2026-10-10 13:36:09.698783,4095,3.3
2026-10-10 13:36:10.511524,4095,3.3
2026-10-10 13:36:11.117904,4095,3.3
2026-10-10 13:36:11.726859,4095,3.3
2026-10-10 13:36:12.540869,4093,3.298
2026-10-10 13:36:13.143817,4094,3.299
2026-10-10 13:36:13.954093,4094,3.299
2026-10-10 13:36:14.576128,4093,3.298
2026-10-10 13:36:15.386799,4095,3.3
2026-10-10 13:36:15.995693,4095,3.3
2026-10-10 13:36:16.802298,4095,3.3
2026-10-10 13:36:17.412937,4095,3.3
2026-10-10 13:36:18.221143,4093,3.298
2026-10-10 13:36:18.830916,4093,3.298
2026-10-10 13:36:19.641097,4095,3.3
2026-10-10 13:36:20.247598,4095,3.3
2026-10-10 13:36:21.056900,4093,3.298
2026-10-10 13:36:21.668178,4095,3.3
2026-10-10 13:36:22.484167,4093,3.298
2026-10-10 13:36:23.095575,4095,3.3
2026-10-10 13:36:23.707234,4095,3.3
2026-10-10 13:36:24.515483,4095,3.3
2026-10-10 13:36:25.126788,4093,3.298
2026-10-10 13:36:25.950818,4095,3.3
2026-10-10 13:36:26.553157,4095,3.3
2026-10-10 13:36:27.367094,4093,3.298
2026-10-10 13:36:27.971289,4094,3.299
2026-10-10 13:36:28.781008,4093,3.298
2026-10-10 13:36:29.394823,4093,3.298
2026-10-10 13:36:30.210493,4094,3.299
2026-10-10 13:36:30.821437,4095,3.3
2026-10-10 13:36:31.438163,4095,3.3
2026-10-10 13:36:32.259956,4095,3.3
2026-10-10 13:36:32.870346,4095,3.3
2026-10-10 13:36:33.682637,4093,3.298
2026-10-10 13:36:34.287841,4094,3.299
2026-10-10 13:36:35.101657,4094,3.299
2026-10-10 13:36:35.711104,4094,3.299
2026-10-10 13:36:36.518123,4094,3.299
2026-10-10 13:36:37.125444,4095,3.3
2026-10-10 13:36:37.940094,4094,3.299
2026-10-10 13:36:38.548302,4095,3.3
2026-10-10 13:36:39.357745,4093,3.298
2026-10-10 13:36:39.964289,4095,3.3
2026-10-10 13:36:40.780773,4095,3.3
2026-10-10 13:36:41.389424,4093,3.298
2026-10-10 13:36:41.997107,4093,3.298
2026-10-10 13:36:42.811875,4095,3.3
2026-10-10 13:36:43.418788,4093,3.298
2026-10-10 13:36:44.231458,4095,3.3
2026-10-10 13:36:44.836952,4094,3.299
2026-10-10 13:36:45.654698,4095,3.3
2026-10-10 13:36:46.263138,4095,3.3
2026-10-10 13:36:47.074900,4095,3.3
2026-10-10 13:36:47.684975,4095,3.3
2026-10-10 13:36:48.495166,4095,3.3
2026-10-10 13:36:49.102274,4095,3.3
2026-10-10 13:36:49.916531,4094,3.299
2026-10-10 13:36:50.523246,4095,3.3
2026-10-10 13:36:51.336409,4095,3.3
2026-10-10 13:36:51.945433,4095,3.3
2026-10-10 13:36:52.554681,4095,3.3
2026-10-10 13:36:53.371006,4095,3.3
2026-10-10 13:36:53.979629,4093,3.298
2026-10-10 13:36:54.792528,4095,3.3
2026-10-10 13:36:55.401451,4095,3.3
2026-10-10 13:36:56.215061,4095,3.3
2026-10-10 13:36:56.830526,4094,3.299
2026-10-10 13:36:57.640711,4095,3.3
2026-10-10 13:36:58.251556,4093,3.298
2026-10-10 13:36:59.059347,4093,3.298
2026-10-10 13:36:59.667766,4095,3.3
2026-10-10 13:37:00.477707,4094,3.299
2026-10-10 13:37:01.087081,4095,3.3
2026-10-10 13:37:01.699575,4095,3.3
2026-10-10 13:37:02.517082,4095,3.3
2026-10-10 13:37:03.125280,4095,3.3
2026-10-10 13:37:03.935953,4095,3.3
2026-10-10 13:37:04.545823,4095,3.3
2026-10-10 13:37:05.354417,4095,3.3
2026-10-10 13:37:05.962203,4094,3.299
2026-10-10 13:37:06.774492,4095,3.3
2026-10-10 13:37:07.380794,4093,3.298
2026-10-10 13:37:08.202469,4095,3.3
2026-10-10 13:37:08.812213,4095,3.3
2026-10-10 13:37:09.625724,4095,3.3
2026-10-10 13:37:10.232407,4095,3.3
2026-10-10 13:37:11.044023,4091,3.297
2026-10-10 13:37:11.653309,4095,3.3
2026-10-10 13:37:12.263075,4095,3.3
2026-10-10 13:37:13.076444,4094,3.299
2026-10-10 13:37:13.685133,4093,3.298
2026-10-10 13:37:14.493397,4095,3.3
2026-10-10 13:37:15.100874,4093,3.298
2026-10-10 13:37:15.916123,4093,3.298
2026-10-10 13:37:16.522653,4095,3.3
2026-10-10 13:37:17.331775,4095,3.3
2026-10-10 13:37:17.944392,4095,3.3
2026-10-10 13:37:18.756086,4095,3.3
2026-10-10 13:37:19.365519,4095,3.3
2026-10-10 13:37:20.177649,4095,3.3
2026-10-10 13:37:20.787202,4095,3.3
2026-10-10 13:37:21.603676,4093,3.298
2026-10-10 13:37:22.214530,4093,3.298
2026-10-10 13:37:22.824962,4094,3.299
2026-10-10 13:37:23.637656,4095,3.3
2026-10-10 13:37:24.245002,4095,3.3
2026-10-10 13:37:25.054167,4095,3.3
2026-10-10 13:37:25.660009,4095,3.3
2026-10-10 13:37:26.480991,4095,3.3
2026-10-10 13:37:27.089700,4095,3.3
2026-10-10 13:37:27.900529,4095,3.3
2026-10-10 13:37:28.509400,4093,3.298
2026-10-10 13:37:29.316126,4093,3.298
2026-10-10 13:37:29.926259,4095,3.3
2026-10-10 13:37:30.737382,4093,3.298
2026-10-10 13:37:31.346666,4093,3.298
2026-10-10 13:37:32.158175,4095,3.3
2026-10-10 13:37:32.765529,4093,3.298
2026-10-10 13:37:33.380497,4095,3.3
2026-10-10 13:37:34.194868,4095,3.3
2026-10-10 13:37:34.806533,4095,3.3
2026-10-10 13:37:35.619810,4095,3.3
2026-10-10 13:37:36.228250,4095,3.3
2026-10-10 13:37:37.037367,4093,3.298
2026-10-10 13:37:37.644710,4094,3.299
2026-10-10 13:37:38.455594,4095,3.3
2026-10-10 13:37:39.061806,4095,3.3
2026-10-10 13:37:39.871875,4091,3.297
2026-10-10 13:37:40.481066,4095,3.3
2026-10-10 13:37:41.291172,4095,3.3
2026-10-10 13:37:41.901901,4095,3.3
2026-10-10 13:37:42.712790,4095,3.3
2026-10-10 13:37:43.322540,4095,3.3
2026-10-10 13:37:43.930863,4095,3.3
2026-10-10 13:37:44.743303,4095,3.3
2026-10-10 13:37:45.351958,4094,3.299
2026-10-10 13:37:46.161227,4095,3.3
2026-10-10 13:37:46.769255,4093,3.298
2026-10-10 13:37:47.577668,4095,3.3
2026-10-10 13:37:48.188293,4094,3.299
2026-10-10 13:37:48.998113,4095,3.3
2026-10-10 13:37:49.610242,4095,3.3
2026-10-10 13:37:50.424100,4095,3.3
2026-10-10 13:37:51.031503,4095,3.3
2026-10-10 13:37:51.843917,4095,3.3
2026-10-10 13:37:52.452572,4094,3.299
2026-10-10 13:37:53.264158,4095,3.3
2026-10-10 13:37:53.872539,4094,3.299
2026-10-10 13:37:54.682568,4095,3.3
2026-10-10 13:37:55.292083,4095,3.3
2026-10-10 13:37:55.914466,4095,3.3
2026-10-10 13:37:56.724015,4095,3.3
2026-10-10 13:37:57.328188,4093,3.298
2026-10-10 13:37:58.136504,4095,3.3
2026-10-10 13:37:58.744065,4095,3.3
2026-10-10 13:37:59.557423,4093,3.298
2026-10-10 13:38:00.169082,4095,3.3
2026-10-10 13:38:00.982960,4094,3.299
2026-10-10 13:38:01.586700,4093,3.298
2026-10-10 13:38:02.396534,4095,3.3
2026-10-10 13:38:03.007152,4095,3.3
2026-10-10 13:38:03.819442,4093,3.298
2026-10-10 13:38:04.426021,4095,3.3
2026-10-10 13:38:05.239236,4095,3.3
2026-10-10 13:38:05.850398,4095,3.3
2026-10-10 13:38:06.455656,4095,3.3
2026-10-10 13:38:07.265948,4095,3.3
2026-10-10 13:38:07.872318,4094,3.299
2026-10-10 13:38:08.682538,4095,3.3
2026-10-10 13:38:09.287798,4094,3.299
2026-10-10 13:38:10.097996,4095,3.3
2026-10-10 13:38:10.705721,4095,3.3
2026-10-10 13:38:11.516185,4095,3.3
2026-10-10 13:38:12.121531,4095,3.3
2026-10-10 13:38:12.932439,4095,3.3
2026-10-10 13:38:13.542476,4095,3.3
2026-10-10 13:38:14.350521,4095,3.3
2026-10-10 13:38:14.959585,4095,3.3
2026-10-10 13:38:15.769855,4093,3.298
2026-10-10 13:38:16.374476,4094,3.299
2026-10-10 13:38:17.186281,4095,3.3
2026-10-10 13:38:17.792163,4095,3.3
2026-10-10 13:38:18.599517,4095,3.3
2026-10-10 13:38:19.208022,4095,3.3
2026-10-10 13:38:20.019006,4094,3.299
2026-10-10 13:38:20.625919,4095,3.3
2026-10-10 13:38:21.239982,4095,3.3
2026-10-10 13:38:22.062131,4095,3.3
2026-10-10 13:38:22.670271,4093,3.298
2026-10-10 13:38:23.478793,4094,3.299
2026-10-10 13:38:24.086061,4094,3.299
2026-10-10 13:38:24.898288,4094,3.299
2026-10-10 13:38:25.506371,4094,3.299
2026-10-10 13:38:26.318146,4095,3.3
2026-10-10 13:38:26.925287,4095,3.3
2026-10-10 13:38:27.740091,4095,3.3
2026-10-10 13:38:28.347257,4095,3.3
2026-10-10 13:38:29.159488,4095,3.3
2026-10-10 13:38:29.768107,4095,3.3
2026-10-10 13:38:30.578718,4095,3.3
2026-10-10 13:38:31.187144,4095,3.3
2026-10-10 13:38:31.799100,4095,3.3
2026-10-10 13:38:32.609380,4095,3.3
2026-10-10 13:38:33.220401,4095,3.3
2026-10-10 13:38:34.040548,4093,3.298
2026-10-10 13:38:34.648959,4095,3.3
2026-10-10 13:38:35.460124,4094,3.299
2026-10-10 13:38:36.070997,4095,3.3
2026-10-10 13:38:36.880737,4095,3.3
2026-10-10 13:38:37.490076,4095,3.3
2026-10-10 13:38:38.303917,4093,3.298
2026-10-10 13:38:38.912418,4095,3.3
2026-10-10 13:38:39.725359,4095,3.3
2026-10-10 13:38:40.331222,4095,3.3
2026-10-10 13:38:41.141913,4091,3.297
2026-10-10 13:38:41.749155,4095,3.3
2026-10-10 13:38:42.557288,4095,3.3
2026-10-10 13:38:43.168125,4095,3.3
2026-10-10 13:38:43.779210,4095,3.3
2026-10-10 13:38:44.601824,4095,3.3
2026-10-10 13:38:45.219250,4093,3.298
2026-10-10 13:38:46.033059,4095,3.3
2026-10-10 13:38:46.644801,4093,3.298
2026-10-10 13:38:47.455142,4093,3.298
2026-10-10 13:38:48.064304,4094,3.299
2026-10-10 13:38:48.875581,4095,3.3
2026-10-10 13:38:49.481298,4095,3.3
2026-10-10 13:38:50.292147,4095,3.3
2026-10-10 13:38:50.899542,4095,3.3
2026-10-10 13:38:51.513824,4095,3.3
2026-10-10 13:38:52.337067,4095,3.3
2026-10-10 13:38:52.947004,4095,3.3
2026-10-10 13:38:53.758898,4093,3.298
2026-10-10 13:38:54.364873,4095,3.3
2026-10-10 13:38:55.177034,4093,3.298
2026-10-10 13:38:55.786254,4095,3.3
2026-10-10 13:38:56.593766,4093,3.298
2026-10-10 13:38:57.198568,4095,3.3
2026-10-10 13:38:58.010348,4095,3.3
2026-10-10 13:38:58.616895,4095,3.3
2026-10-10 13:38:59.430878,4094,3.299
2026-10-10 13:39:00.041630,4095,3.3
2026-10-10 13:39:00.852914,4095,3.3
2026-10-10 13:39:01.462058,4095,3.3
2026-10-10 13:39:02.082426,4095,3.3
2026-10-10 13:39:02.905182,4095,3.3
2026-10-10 13:39:03.510632,4095,3.3
2026-10-10 13:39:04.318230,4095,3.3
2026-10-10 13:39:04.923427,4093,3.298
2026-10-10 13:39:05.746546,4094,3.299
2026-10-10 13:39:06.354893,4095,3.3
2026-10-10 13:39:07.174273,4095,3.3
2026-10-10 13:39:07.779017,4095,3.3
2026-10-10 13:39:08.589944,4093,3.298
2026-10-10 13:39:09.199398,4095,3.3
2026-10-10 13:39:10.011966,4093,3.298
2026-10-10 13:39:10.619278,4093,3.298
2026-10-10 13:39:11.229997,4095,3.3
2026-10-10 13:39:12.043334,4094,3.299
2026-10-10 13:39:12.650960,4094,3.299
2026-10-10 13:39:13.464730,4095,3.3
2026-10-10 13:39:14.072054,4095,3.3
2026-10-10 13:39:14.886747,4093,3.298
2026-10-10 13:39:15.492829,4093,3.298
2026-10-10 13:39:16.302036,4095,3.3
2026-10-10 13:39:16.923703,4093,3.298
2026-10-10 13:39:17.730121,4094,3.299
2026-10-10 13:39:18.336508,4095,3.3
2026-10-10 13:39:19.149219,4094,3.299
2026-10-10 13:39:19.758507,4093,3.298
2026-10-10 13:39:20.572268,4093,3.298
2026-10-10 13:39:21.196679,4095,3.3
2026-10-10 13:39:21.802252,4095,3.3
2026-10-10 13:39:22.614174,4093,3.298
2026-10-10 13:39:23.220223,4095,3.3
2026-10-10 13:39:24.030690,4094,3.299
2026-10-10 13:39:24.635290,4093,3.298
2026-10-10 13:39:25.445927,4095,3.3
2026-10-10 13:39:26.054161,4093,3.298
2026-10-10 13:39:26.869012,4093,3.298
2026-10-10 13:39:27.481153,4095,3.3
2026-10-10 13:39:28.294094,4094,3.299
2026-10-10 13:39:28.906977,4095,3.3
2026-10-10 13:39:29.725182,4095,3.3
2026-10-10 13:39:30.337577,4095,3.3
2026-10-10 13:39:30.947796,4095,3.3
2026-10-10 13:39:31.758239,4094,3.299
2026-10-10 13:39:32.367349,4095,3.3
2026-10-10 13:39:33.185037,4093,3.298
2026-10-10 13:39:33.794438,4095,3.3
2026-10-10 13:39:34.601620,4094,3.299
2026-10-10 13:39:35.209337,4094,3.299
2026-10-10 13:39:36.020095,4095,3.3
2026-10-10 13:39:36.630925,4094,3.299
2026-10-10 13:39:37.440271,4095,3.3
2026-10-10 13:39:38.050595,4095,3.3
2026-10-10 13:39:38.860262,4095,3.3
2026-10-10 13:39:39.467584,4095,3.3
2026-10-10 13:39:40.278561,4093,3.298
2026-10-10 13:39:40.885476,4094,3.299
2026-10-10 13:39:41.697380,4094,3.299
2026-10-10 13:39:42.306586,4095,3.3
2026-10-10 13:39:42.914949,4095,3.3
2026-10-10 13:39:43.728654,4093,3.298
2026-10-10 13:39:44.336921,4095,3.3
2026-10-10 13:39:45.149818,4095,3.3
2026-10-10 13:39:45.758940,4095,3.3
2026-10-10 13:39:46.567862,4094,3.299
2026-10-10 13:39:47.176867,4095,3.3
2026-10-10 13:39:47.983875,4095,3.3
2026-10-10 13:39:48.590108,4095,3.3
2026-10-10 13:39:49.397543,4093,3.298
2026-10-10 13:39:50.004419,4093,3.298
2026-10-10 13:39:50.816019,4095,3.3
2026-10-10 13:39:51.426175,4095,3.3
2026-10-10 13:39:52.237300,4095,3.3
2026-10-10 13:39:52.842242,4095,3.3
2026-10-10 13:39:53.655892,4094,3.299
2026-10-10 13:39:54.266591,4095,3.3
2026-10-10 13:39:54.876537,4095,3.3
2026-10-10 13:39:55.689759,4095,3.3
2026-10-10 13:39:56.302363,4095,3.3
2026-10-10 13:39:57.113909,4093,3.298
2026-10-10 13:39:57.723808,4095,3.3
2026-10-10 13:39:58.536295,4095,3.3
2026-10-10 13:39:59.144769,4095,3.3
2026-10-10 13:39:59.960884,4095,3.3
2026-10-10 13:40:00.573062,4094,3.299
2026-10-10 13:40:01.382303,4095,3.3
2026-10-10 13:40:01.988861,4095,3.3
2026-10-10 13:40:02.799501,4095,3.3
2026-10-10 13:40:03.410467,4094,3.299
2026-10-10 13:40:04.223672,4093,3.298
2026-10-10 13:40:04.834483,4094,3.299
2026-10-10 13:40:05.445694,4094,3.299
2026-10-10 13:40:06.255002,4095,3.3
2026-10-10 13:40:06.864647,4095,3.3
2026-10-10 13:40:07.679645,4095,3.3
2026-10-10 13:40:08.283153,4095,3.3
2026-10-10 13:40:09.099208,4095,3.3
2026-10-10 13:40:09.712980,4095,3.3
2026-10-10 13:40:10.523922,4094,3.299
2026-10-10 13:40:11.132848,4094,3.299
2026-10-10 13:40:11.943017,4094,3.299
2026-10-10 13:40:12.553504,4095,3.3
2026-10-10 13:40:13.369385,4095,3.3
2026-10-10 13:40:13.979993,4094,3.299
2026-10-10 13:40:14.589054,4093,3.298
2026-10-10 13:40:15.397488,4095,3.3
2026-10-10 13:40:16.008532,4095,3.3
2026-10-10 13:40:16.819259,4093,3.298
2026-10-10 13:40:17.429266,4095,3.3
2026-10-10 13:40:18.242742,4095,3.3
2026-10-10 13:40:18.850459,4095,3.3
2026-10-10 13:40:19.664115,4095,3.3
2026-10-10 13:40:20.272639,4095,3.3
2026-10-10 13:40:21.086996,4095,3.3
2026-10-10 13:40:21.696826,4093,3.298
2026-10-10 13:40:22.511947,4095,3.3
2026-10-10 13:40:23.131325,4095,3.3
2026-10-10 13:40:23.741715,4094,3.299
2026-10-10 13:40:24.549958,4094,3.299
2026-10-10 13:40:25.157271,4095,3.3
2026-10-10 13:40:25.975240,4095,3.3
2026-10-10 13:40:26.585488,4094,3.299
2026-10-10 13:40:27.394936,4093,3.298
2026-10-10 13:40:28.005476,4095,3.3
2026-10-10 13:40:28.811737,4095,3.3
2026-10-10 13:40:29.423068,4095,3.3
2026-10-10 13:40:30.240169,4095,3.3
2026-10-10 13:40:30.848543,4095,3.3
2026-10-10 13:40:31.663179,4095,3.3
2026-10-10 13:40:32.275732,4095,3.3
2026-10-10 13:40:33.086961,4095,3.3
2026-10-10 13:40:33.694511,4095,3.3
2026-10-10 13:40:34.299529,4094,3.299
2026-10-10 13:40:35.117159,4093,3.298
2026-10-10 13:40:35.724308,4093,3.298
2026-10-10 13:40:36.536804,4095,3.3
2026-10-10 13:40:37.144137,4095,3.3
2026-10-10 13:40:37.953041,4095,3.3
2026-10-10 13:40:38.560854,4095,3.3
2026-10-10 13:40:39.370494,4095,3.3
2026-10-10 13:40:39.979988,4093,3.298
2026-10-10 13:40:40.793290,4095,3.3
2026-10-10 13:40:41.406192,4094,3.299
2026-10-10 13:40:42.221166,4094,3.299
2026-10-10 13:40:42.827846,4095,3.3
2026-10-10 13:40:43.640800,4095,3.3
2026-10-10 13:40:44.254661,4095,3.3
2026-10-10 13:40:44.865749,4095,3.3
2026-10-10 13:40:45.676683,4095,3.3
2026-10-10 13:40:46.287760,4095,3.3
2026-10-10 13:40:47.098735,4095,3.3
2026-10-10 13:40:47.705617,4095,3.3
2026-10-10 13:40:48.520271,4094,3.299
2026-10-10 13:40:49.132578,4093,3.298
2026-10-10 13:40:49.946646,4095,3.3
2026-10-10 13:40:50.553463,4093,3.298
2026-10-10 13:40:51.366554,4095,3.3
2026-10-10 13:40:51.979821,4095,3.3
2026-10-10 13:40:52.796105,4093,3.298
2026-10-10 13:40:53.407422,4095,3.3
2026-10-10 13:40:54.016409,4095,3.3
2026-10-10 13:40:54.824174,4095,3.3
2026-10-10 13:40:55.434171,4095,3.3
2026-10-10 13:40:56.245443,4095,3.3
2026-10-10 13:40:56.850791,4095,3.3
2026-10-10 13:40:57.660506,4095,3.3
2026-10-10 13:40:58.266785,4095,3.3
2026-10-10 13:40:59.079998,4095,3.3
2026-10-10 13:40:59.684301,4095,3.3
2026-10-10 13:41:00.496554,4095,3.3
2026-10-10 13:41:01.102427,4095,3.3
2026-10-10 13:41:01.910949,4095,3.3
2026-10-10 13:41:02.519214,4095,3.3
2026-10-10 13:41:03.329520,4095,3.3
2026-10-10 13:41:03.942079,4095,3.3
2026-10-10 13:41:04.752146,4093,3.298
2026-10-10 13:41:05.360275,4093,3.298
2026-10-10 13:41:05.972000,4093,3.298
2026-10-10 13:41:06.801639,4093,3.298
2026-10-10 13:41:07.407950,4095,3.3
2026-10-10 13:41:08.217317,4095,3.3
2026-10-10 13:41:08.824524,4095,3.3
2026-10-10 13:41:09.636772,4095,3.3
2026-10-10 13:41:10.243990,4095,3.3
2026-10-10 13:41:11.057307,4095,3.3
2026-10-10 13:41:11.667225,4095,3.3
2026-10-10 13:41:12.478704,4095,3.3
2026-10-10 13:41:13.082872,4093,3.298
2026-10-10 13:41:13.893222,4095,3.3
2026-10-10 13:41:14.499561,4093,3.298
2026-10-10 13:41:15.311076,4093,3.298
2026-10-10 13:41:15.923684,4095,3.3
2026-10-10 13:41:16.530644,4095,3.3
2026-10-10 13:41:17.340562,4095,3.3
2026-10-10 13:41:17.945647,4094,3.299
2026-10-10 13:41:18.755666,4091,3.297
2026-10-10 13:41:19.366441,4095,3.3
2026-10-10 13:41:20.179483,4095,3.3
2026-10-10 13:41:20.786710,4095,3.3
2026-10-10 13:41:21.595135,4095,3.3
2026-10-10 13:41:22.200986,4095,3.3
2026-10-10 13:41:23.010988,4095,3.3
2026-10-10 13:41:23.616465,4095,3.3
2026-10-10 13:41:24.427248,4095,3.3
2026-10-10 13:41:25.035071,4095,3.3
2026-10-10 13:41:25.840015,4093,3.298
2026-10-10 13:41:26.450842,4094,3.299
2026-10-10 13:41:27.264603,4095,3.3
2026-10-10 13:41:27.871584,4095,3.3
2026-10-10 13:41:28.682543,4093,3.298
2026-10-10 13:41:29.290681,4095,3.3
2026-10-10 13:41:29.903155,4095,3.3
2026-10-10 13:41:30.713946,4095,3.3
2026-10-10 13:41:31.326413,4093,3.298
2026-10-10 13:41:32.134525,4095,3.3
2026-10-10 13:41:32.744826,4095,3.3
2026-10-10 13:41:33.556535,4095,3.3
2026-10-10 13:41:34.163119,4095,3.3
2026-10-10 13:41:34.975207,4095,3.3
2026-10-10 13:41:35.585064,4095,3.3
2026-10-10 13:41:36.396800,4093,3.298
2026-10-10 13:41:37.008544,4094,3.299
2026-10-10 13:41:37.822468,4093,3.298
2026-10-10 13:41:38.432166,4095,3.3
2026-10-10 13:41:39.042690,4095,3.3
2026-10-10 13:41:39.855249,4095,3.3
2026-10-10 13:41:40.465372,4095,3.3
2026-10-10 13:41:41.280861,4095,3.3
2026-10-10 13:41:41.892574,4095,3.3
2026-10-10 13:41:42.707750,4095,3.3
2026-10-10 13:41:43.314577,4095,3.3
2026-10-10 13:41:44.126447,4093,3.298
2026-10-10 13:41:44.734534,4093,3.298
2026-10-10 13:41:45.553051,4095,3.3
2026-10-10 13:41:46.164188,4094,3.299
2026-10-10 13:41:46.780786,4093,3.298
2026-10-10 13:41:47.600888,4095,3.3
2026-10-10 13:41:48.210157,4095,3.3
2026-10-10 13:41:49.022268,4095,3.3
2026-10-10 13:41:49.632096,4095,3.3
2026-10-10 13:41:50.444637,4095,3.3
2026-10-10 13:41:51.054085,4095,3.3
2026-10-10 13:41:51.866525,4094,3.299
2026-10-10 13:41:52.476084,4095,3.3
2026-10-10 13:41:53.286681,4093,3.298
2026-10-10 13:41:53.894244,4095,3.3
2026-10-10 13:41:54.708183,4093,3.298
2026-10-10 13:41:55.328823,4093,3.298
2026-10-10 13:41:55.932966,4095,3.3
2026-10-10 13:41:56.747689,4095,3.3
2026-10-10 13:41:57.359333,4093,3.298
2026-10-10 13:41:58.167403,4095,3.3
2026-10-10 13:41:58.777659,4094,3.299
2026-10-10 13:41:59.586738,4095,3.3
2026-10-10 13:42:00.195161,4095,3.3
2026-10-10 13:42:01.007646,4095,3.3
2026-10-10 13:42:01.622941,4094,3.299
2026-10-10 13:42:02.438472,4094,3.299
2026-10-10 13:42:03.044840,4095,3.3
2026-10-10 13:42:03.852752,4095,3.3
2026-10-10 13:42:04.462569,4095,3.3
2026-10-10 13:42:05.272755,4095,3.3
2026-10-10 13:42:05.880974,4095,3.3
2026-10-10 13:42:06.489045,4095,3.3
2026-10-10 13:42:07.313693,4093,3.298
2026-10-10 13:42:07.922524,4093,3.298
2026-10-10 13:42:08.734214,4095,3.3
2026-10-10 13:42:09.345538,4094,3.299
2026-10-10 13:42:10.159254,4095,3.3
2026-10-10 13:42:10.766956,4095,3.3
2026-10-10 13:42:11.592231,4094,3.299
2026-10-10 13:42:12.201284,4095,3.3
2026-10-10 13:42:13.008409,4095,3.3
2026-10-10 13:42:13.613032,4095,3.3
2026-10-10 13:42:14.421800,4095,3.3
2026-10-10 13:42:15.030367,4095,3.3
2026-10-10 13:42:15.642348,4095,3.3
2026-10-10 13:42:16.453698,4093,3.298
2026-10-10 13:42:17.062267,4095,3.3
2026-10-10 13:42:17.878960,4095,3.3
2026-10-10 13:42:18.492506,4095,3.3
2026-10-10 13:42:19.300325,4094,3.299
2026-10-10 13:42:19.904716,4095,3.3
2026-10-10 13:42:20.712092,4095,3.3
2026-10-10 13:42:21.317015,4095,3.3
2026-10-10 13:42:22.132431,4094,3.299
2026-10-10 13:42:22.740738,4093,3.298
2026-10-10 13:42:23.551219,4095,3.3
2026-10-10 13:42:24.157276,4095,3.3
2026-10-10 13:42:24.969330,4093,3.298
2026-10-10 13:42:25.574077,4093,3.298
2026-10-10 13:42:26.387357,4095,3.3
2026-10-10 13:42:26.995162,4095,3.3
2026-10-10 13:42:27.602791,4095,3.3
2026-10-10 13:42:28.413771,4095,3.3
2026-10-10 13:42:29.022366,4095,3.3
2026-10-10 13:42:29.830839,4095,3.3
2026-10-10 13:42:30.436584,4095,3.3
2026-10-10 13:42:31.243635,4094,3.299
2026-10-10 13:42:31.852612,4095,3.3
2026-10-10 13:42:32.662823,4093,3.298
2026-10-10 13:42:33.270413,4093,3.298
2026-10-10 13:42:34.077791,4094,3.299
2026-10-10 13:42:34.689603,4093,3.298
2026-10-10 13:42:35.503305,4095,3.3
2026-10-10 13:42:36.109172,4095,3.3
2026-10-10 13:42:36.916504,4095,3.3
2026-10-10 13:42:37.523555,4095,3.3
2026-10-10 13:42:38.335127,4093,3.298
2026-10-10 13:42:38.944619,4095,3.3
2026-10-10 13:42:39.757248,4095,3.3
2026-10-10 13:42:40.364651,4095,3.3
2026-10-10 13:42:40.975826,4095,3.3
2026-10-10 13:42:41.799431,4093,3.298
2026-10-10 13:42:42.406383,4095,3.3
2026-10-10 13:42:43.216053,4095,3.3
2026-10-10 13:42:43.829784,4095,3.3
2026-10-10 13:42:44.638702,4095,3.3
2026-10-10 13:42:45.250532,4095,3.3
2026-10-10 13:42:46.063153,4095,3.3
2026-10-10 13:42:46.673876,4095,3.3
2026-10-10 13:42:47.484126,4095,3.3
2026-10-10 13:42:48.092820,4095,3.3
2026-10-10 13:42:48.902337,4095,3.3
2026-10-10 13:42:49.512073,4095,3.3
2026-10-10 13:42:50.125081,4095,3.3
2026-10-10 13:42:50.932696,4095,3.3
2026-10-10 13:42:51.539963,4095,3.3
2026-10-10 13:42:52.351942,4095,3.3
2026-10-10 13:42:52.963756,4093,3.298
2026-10-10 13:42:53.774960,4095,3.3
2026-10-10 13:42:54.383651,4095,3.3
2026-10-10 13:42:55.193674,4095,3.3
2026-10-10 13:42:55.803061,4095,3.3
2026-10-10 13:42:56.610147,4094,3.299
2026-10-10 13:42:57.216939,4095,3.3
2026-10-10 13:42:58.026272,4095,3.3
2026-10-10 13:42:58.638870,4095,3.3
2026-10-10 13:42:59.446264,4095,3.3
2026-10-10 13:43:00.053401,4095,3.3
2026-10-10 13:43:00.863973,4095,3.3
2026-10-10 13:43:01.472082,4095,3.3
2026-10-10 13:43:02.279249,4095,3.3
2026-10-10 13:43:02.888272,4095,3.3
2026-10-10 13:43:03.497628,4095,3.3
2026-10-10 13:43:04.305702,4094,3.299
2026-10-10 13:43:04.916298,4094,3.299
2026-10-10 13:43:05.722336,4095,3.3
2026-10-10 13:43:06.331121,4094,3.299
2026-10-10 13:43:07.142339,4095,3.3
2026-10-10 13:43:07.763229,4095,3.3
2026-10-10 13:43:08.572972,4095,3.3
2026-10-10 13:43:09.180873,4093,3.298
2026-10-10 13:43:09.991558,4095,3.3
2026-10-10 13:43:10.602447,4094,3.299
2026-10-10 13:43:11.414028,4095,3.3
2026-10-10 13:43:12.020238,4095,3.3
2026-10-10 13:43:12.836569,4095,3.3
2026-10-10 13:43:13.440624,4094,3.299
2026-10-10 13:43:14.252969,4093,3.298
2026-10-10 13:43:14.863147,4095,3.3
2026-10-10 13:43:15.471675,4095,3.3
2026-10-10 13:43:16.281761,4093,3.298
2026-10-10 13:43:16.888788,4095,3.3
2026-10-10 13:43:17.699499,4095,3.3
2026-10-10 13:43:18.303613,4095,3.3
2026-10-10 13:43:19.111126,4095,3.3
2026-10-10 13:43:19.723985,4095,3.3
2026-10-10 13:43:20.538191,4095,3.3
2026-10-10 13:43:21.140215,4095,3.3
2026-10-10 13:43:21.948513,4095,3.3
2026-10-10 13:43:22.554182,4095,3.3
2026-10-10 13:43:23.365840,4094,3.299
2026-10-10 13:43:23.974177,4095,3.3
2026-10-10 13:43:24.785784,4095,3.3
2026-10-10 13:43:25.404905,4093,3.298
2026-10-10 13:43:26.214048,4095,3.3
2026-10-10 13:43:26.822110,4095,3.3
2026-10-10 13:43:27.430754,4094,3.299
2026-10-10 13:43:28.244380,4095,3.3
2026-10-10 13:43:28.854232,4093,3.298
2026-10-10 13:43:29.664021,4095,3.3
2026-10-10 13:43:30.273645,4095,3.3
2026-10-10 13:43:31.086159,4091,3.297
2026-10-10 13:43:31.694945,4095,3.3
2026-10-10 13:43:32.505167,4093,3.298
2026-10-10 13:43:33.111439,4094,3.299
2026-10-10 13:43:33.919775,4091,3.297
2026-10-10 13:43:34.525565,4094,3.299
2026-10-10 13:43:35.333935,4094,3.299
2026-10-10 13:43:35.942233,4094,3.299
2026-10-10 13:43:36.750140,4095,3.3
2026-10-10 13:43:37.358904,4095,3.3
2026-10-10 13:43:38.170068,4095,3.3
2026-10-10 13:43:38.781710,4094,3.299
2026-10-10 13:43:39.589761,4095,3.3
2026-10-10 13:43:40.200892,4093,3.298
2026-10-10 13:43:40.810448,4093,3.298
2026-10-10 13:43:41.620670,4094,3.299
2026-10-10 13:43:42.230745,4095,3.3
2026-10-10 13:43:43.044998,4094,3.299
2026-10-10 13:43:43.653918,4095,3.3
2026-10-10 13:43:44.463801,4095,3.3
2026-10-10 13:43:45.075640,4094,3.299
2026-10-10 13:43:45.889766,4095,3.3
2026-10-10 13:43:46.511326,4095,3.3
2026-10-10 13:43:47.319922,4095,3.3
2026-10-10 13:43:47.926335,4095,3.3
2026-10-10 13:43:48.738366,4095,3.3
2026-10-10 13:43:49.346911,4095,3.3
2026-10-10 13:43:49.954168,4095,3.3
2026-10-10 13:43:50.767274,4095,3.3
2026-10-10 13:43:51.380663,4093,3.298
2026-10-10 13:43:52.193936,4095,3.3
2026-10-10 13:43:52.802268,4095,3.3
2026-10-10 13:43:53.610868,4095,3.3
2026-10-10 13:43:54.219690,4095,3.3
2026-10-10 13:43:55.028854,4095,3.3
2026-10-10 13:43:55.653559,4095,3.3
2026-10-10 13:43:56.461445,4095,3.3
2026-10-10 13:43:57.068490,4095,3.3
2026-10-10 13:43:57.880298,4095,3.3
2026-10-10 13:43:58.485389,4095,3.3
2026-10-10 13:43:59.299088,4094,3.299
2026-10-10 13:43:59.903301,4095,3.3
2026-10-10 13:44:00.512760,4095,3.3
2026-10-10 13:44:01.322383,4095,3.3
2026-10-10 13:44:01.930408,4095,3.3
2026-10-10 13:44:02.742491,4095,3.3
2026-10-10 13:44:03.349051,4093,3.298
2026-10-10 13:44:04.159762,4095,3.3
2026-10-10 13:44:04.770502,4095,3.3
2026-10-10 13:44:05.581109,4095,3.3
2026-10-10 13:44:06.188858,4095,3.3
2026-10-10 13:44:06.998415,4093,3.298
2026-10-10 13:44:07.605943,4095,3.3
2026-10-10 13:44:08.415912,4093,3.298
2026-10-10 13:44:09.021288,4095,3.3
2026-10-10 13:44:09.831035,4095,3.3
2026-10-10 13:44:10.440451,4095,3.3
2026-10-10 13:44:11.265497,4094,3.299
2026-10-10 13:44:11.872780,4094,3.299
2026-10-10 13:44:12.482566,4095,3.3
2026-10-10 13:44:13.292110,4095,3.3
2026-10-10 13:44:13.900132,4095,3.3
2026-10-10 13:44:14.714124,4095,3.3
2026-10-10 13:44:15.327926,4095,3.3
2026-10-10 13:44:16.140024,4093,3.298
2026-10-10 13:44:16.746831,4093,3.298
2026-10-10 13:44:17.558034,4093,3.298
2026-10-10 13:44:18.165717,4095,3.3
2026-10-10 13:44:18.973853,4095,3.3
2026-10-10 13:44:19.579855,4095,3.3
2026-10-10 13:44:20.393069,4095,3.3
2026-10-10 13:44:21.003234,4095,3.3
2026-10-10 13:44:21.819191,4093,3.298
2026-10-10 13:44:22.424263,4095,3.3
2026-10-10 13:44:23.047496,4095,3.3
2026-10-10 13:44:23.857711,4095,3.3
2026-10-10 13:44:24.462044,4093,3.298
2026-10-10 13:44:25.291889,4095,3.3
2026-10-10 13:44:25.901067,4095,3.3
2026-10-10 13:44:26.717051,4094,3.299
2026-10-10 13:44:27.322625,4095,3.3
2026-10-10 13:44:28.135729,4093,3.298
2026-10-10 13:44:28.741883,4095,3.3
2026-10-10 13:44:29.553289,4091,3.297
2026-10-10 13:44:30.162741,4095,3.3
2026-10-10 13:44:30.775739,4095,3.3
2026-10-10 13:44:31.598122,4095,3.3
2026-10-10 13:44:32.208313,4095,3.3
2026-10-10 13:44:33.016846,4095,3.3
2026-10-10 13:44:33.625960,4095,3.3
2026-10-10 13:44:34.436882,4094,3.299
2026-10-10 13:44:35.044514,4095,3.3
2026-10-10 13:44:35.852263,4094,3.299
2026-10-10 13:44:36.461894,4095,3.3
2026-10-10 13:44:37.272462,4095,3.3
2026-10-10 13:44:37.880158,4095,3.3
2026-10-10 13:44:38.692276,4095,3.3
2026-10-10 13:44:39.300031,4094,3.299
2026-10-10 13:44:40.111159,4095,3.3
2026-10-10 13:44:40.722289,4095,3.3
2026-10-10 13:44:41.333889,4095,3.3
2026-10-10 13:44:42.158519,4095,3.3
2026-10-10 13:44:42.766843,4095,3.3
2026-10-10 13:44:43.573835,4095,3.3
2026-10-10 13:44:44.183203,4094,3.299
2026-10-10 13:44:44.999596,4095,3.3
2026-10-10 13:44:45.607420,4093,3.298
2026-10-10 13:44:46.411014,4095,3.3
2026-10-10 13:44:47.020191,4095,3.3
2026-10-10 13:44:47.833591,4095,3.3
2026-10-10 13:44:48.440653,4095,3.3
2026-10-10 13:44:49.248539,4095,3.3
2026-10-10 13:44:49.857565,4095,3.3
2026-10-10 13:44:50.667969,4095,3.3
2026-10-10 13:44:51.275059,4094,3.299
2026-10-10 13:44:52.082289,4095,3.3
2026-10-10 13:44:52.689006,4095,3.3
2026-10-10 13:44:53.300083,4094,3.299
2026-10-10 13:44:54.122578,4095,3.3
2026-10-10 13:44:54.731690,4095,3.3
2026-10-10 13:44:55.541041,4095,3.3
2026-10-10 13:44:56.149413,4095,3.3
2026-10-10 13:44:56.961293,4095,3.3
2026-10-10 13:44:57.572259,4095,3.3
2026-10-10 13:44:58.379923,4095,3.3
2026-10-10 13:44:58.986563,4093,3.298
2026-10-10 13:44:59.796786,4094,3.299
2026-10-10 13:45:00.404717,4095,3.3
2026-10-10 13:45:01.212347,4094,3.299
2026-10-10 13:45:01.820139,4095,3.3
2026-10-10 13:45:02.632591,4095,3.3
2026-10-10 13:45:03.241419,4095,3.3
2026-10-10 13:45:03.851034,4095,3.3
2026-10-10 13:45:04.662218,4095,3.3
2026-10-10 13:45:05.271008,4095,3.3
2026-10-10 13:45:06.081398,4095,3.3
2026-10-10 13:45:06.692086,4095,3.3
2026-10-10 13:45:07.504893,4093,3.298
2026-10-10 13:45:08.113124,4095,3.3
2026-10-10 13:45:08.925685,4093,3.298
2026-10-10 13:45:09.537716,4093,3.298
2026-10-10 13:45:10.346631,4093,3.298
2026-10-10 13:45:10.954420,4095,3.3
2026-10-10 13:45:11.764704,4095,3.3
2026-10-10 13:45:12.371798,4095,3.3
2026-10-10 13:45:13.183003,4095,3.3
2026-10-10 13:45:13.795088,4095,3.3
2026-10-10 13:45:14.402763,4095,3.3
2026-10-10 13:45:15.214805,4095,3.3
2026-10-10 13:45:15.824340,4093,3.298
2026-10-10 13:45:16.635535,4095,3.3
2026-10-10 13:45:17.254766,4093,3.298
2026-10-10 13:45:18.065293,4094,3.299
2026-10-10 13:45:18.673496,4095,3.3
2026-10-10 13:45:19.497536,4095,3.3
2026-10-10 13:45:20.107637,4095,3.3
2026-10-10 13:45:20.919253,4095,3.3
2026-10-10 13:45:21.529514,4094,3.299
2026-10-10 13:45:22.339281,4095,3.3
2026-10-10 13:45:22.950189,4095,3.3
2026-10-10 13:45:23.561580,4093,3.298
2026-10-10 13:45:24.372960,4094,3.299
2026-10-10 13:45:24.983023,4094,3.299
2026-10-10 13:45:25.796736,4095,3.3
2026-10-10 13:45:26.404133,4095,3.3
2026-10-10 13:45:27.211061,4094,3.299
2026-10-10 13:45:27.821787,4093,3.298
2026-10-10 13:45:28.635342,4093,3.298
2026-10-10 13:45:29.243394,4093,3.298
2026-10-10 13:45:30.055390,4095,3.3
2026-10-10 13:45:30.666179,4094,3.299
2026-10-10 13:45:31.480297,4093,3.298
2026-10-10 13:45:32.088257,4095,3.3
2026-10-10 13:45:32.696292,4095,3.3
2026-10-10 13:45:33.504625,4095,3.3
2026-10-10 13:45:34.117850,4095,3.3
2026-10-10 13:45:34.925284,4095,3.3
2026-10-10 13:45:35.534748,4093,3.298
2026-10-10 13:45:36.347111,4093,3.298
2026-10-10 13:45:36.958088,4095,3.3
2026-10-10 13:45:37.769270,4095,3.3
2026-10-10 13:45:38.378241,4095,3.3
2026-10-10 13:45:39.187762,4095,3.3
2026-10-10 13:45:39.795791,4095,3.3
2026-10-10 13:45:40.606200,4093,3.298
2026-10-10 13:45:41.211524,4095,3.3
2026-10-10 13:45:42.026957,4095,3.3
2026-10-10 13:45:42.633099,4095,3.3
2026-10-10 13:45:43.445825,4095,3.3
2026-10-10 13:45:44.058919,4095,3.3
2026-10-10 13:45:44.684452,4095,3.3
2026-10-10 13:45:45.507496,4095,3.3
2026-10-10 13:45:46.121494,4095,3.3
2026-10-10 13:45:46.937227,4095,3.3
2026-10-10 13:45:47.550227,4094,3.299
2026-10-10 13:45:48.361504,4095,3.3
2026-10-10 13:45:48.969274,4095,3.3
2026-10-10 13:45:49.580730,4095,3.3
2026-10-10 13:45:50.394246,4095,3.3
2026-10-10 13:45:51.001872,4095,3.3
2026-10-10 13:45:51.812882,4095,3.3
2026-10-10 13:45:52.419334,4095,3.3
2026-10-10 13:45:53.228877,4095,3.3
2026-10-10 13:45:53.837178,4094,3.299
2026-10-10 13:45:54.650846,4095,3.3
2026-10-10 13:45:55.262798,4095,3.3
2026-10-10 13:45:56.075085,4095,3.3
2026-10-10 13:45:56.684781,4094,3.299
2026-10-10 13:45:57.497716,4093,3.298
2026-10-10 13:45:58.106104,4095,3.3
2026-10-10 13:45:58.917958,4095,3.3
2026-10-10 13:45:59.527351,4095,3.3
2026-10-10 13:46:00.137857,4095,3.3
2026-10-10 13:46:00.949691,4095,3.3
2026-10-10 13:46:01.558632,4093,3.298
2026-10-10 13:46:02.369416,4093,3.298
2026-10-10 13:46:02.977561,4095,3.3
2026-10-10 13:46:03.794425,4093,3.298
2026-10-10 13:46:04.401880,4094,3.299
2026-10-10 13:46:05.211681,4095,3.3
2026-10-10 13:46:05.835770,4095,3.3
2026-10-10 13:46:06.643729,4095,3.3
2026-10-10 13:46:07.251831,4095,3.3
2026-10-10 13:46:08.063774,4095,3.3
2026-10-10 13:46:08.672122,4094,3.299
2026-10-10 13:46:09.483731,4094,3.299
2026-10-10 13:46:10.093416,4093,3.298
2026-10-10 13:46:10.701075,4095,3.3
2026-10-10 13:46:11.517982,4095,3.3
2026-10-10 13:46:12.136691,4095,3.3
2026-10-10 13:46:12.963187,4095,3.3
2026-10-10 13:46:13.573633,4095,3.3
2026-10-10 13:46:14.385665,4095,3.3
2026-10-10 13:46:14.998037,4095,3.3
2026-10-10 13:46:15.808852,4095,3.3
2026-10-10 13:46:16.417013,4095,3.3
2026-10-10 13:46:17.028895,4095,3.3
2026-10-10 13:46:17.851797,4094,3.299
2026-10-10 13:46:18.461102,4093,3.298
2026-10-10 13:46:19.277176,4095,3.3
2026-10-10 13:46:19.885163,4093,3.298
2026-10-10 13:46:20.697930,4094,3.299
2026-10-10 13:46:21.305017,4095,3.3
2026-10-10 13:46:22.112441,4095,3.3
2026-10-10 13:46:22.718959,4093,3.298
2026-10-10 13:46:23.527867,4095,3.3
2026-10-10 13:46:24.136009,4095,3.3
2026-10-10 13:46:24.944554,4095,3.3
2026-10-10 13:46:25.555877,4095,3.3
2026-10-10 13:46:26.367574,4094,3.299
2026-10-10 13:46:26.975138,4093,3.298
2026-10-10 13:46:27.586203,4095,3.3
2026-10-10 13:46:28.398906,4094,3.299
2026-10-10 13:46:29.007552,4095,3.3
2026-10-10 13:46:29.825829,4095,3.3
2026-10-10 13:46:30.441246,4095,3.3
2026-10-10 13:46:31.257625,4093,3.298
2026-10-10 13:46:31.866928,4095,3.3
2026-10-10 13:46:32.678619,4095,3.3
2026-10-10 13:46:33.293365,4095,3.3
2026-10-10 13:46:33.917577,4094,3.299
2026-10-10 13:46:34.726905,4095,3.3
2026-10-10 13:46:35.334340,4095,3.3
2026-10-10 13:46:36.146817,4095,3.3
2026-10-10 13:46:36.754646,4095,3.3
2026-10-10 13:46:37.563288,4095,3.3
2026-10-10 13:46:38.171554,4095,3.3
2026-10-10 13:46:38.978132,4094,3.299
2026-10-10 13:46:39.586532,4094,3.299
2026-10-10 13:46:40.396229,4095,3.3
2026-10-10 13:46:41.006949,4095,3.3
2026-10-10 13:46:41.831171,4094,3.299
2026-10-10 13:46:42.439183,4093,3.298
2026-10-10 13:46:43.049827,4095,3.3
2026-10-10 13:46:43.859256,4095,3.3
2026-10-10 13:46:44.465993,4095,3.3
2026-10-10 13:46:45.273738,4093,3.298
2026-10-10 13:46:45.884139,4095,3.3
2026-10-10 13:46:46.695634,4095,3.3
2026-10-10 13:46:47.303289,4093,3.298
2026-10-10 13:46:48.111959,4095,3.3
2026-10-10 13:46:48.716588,4095,3.3
2026-10-10 13:46:49.527767,4094,3.299
